Schul-ID;Förderprogramm;Straße;;;;;;;;;;;;;;;;;
134247;Bund;Hülschotter Str. 8;;;;;;;;;;;;;;;;;
134259;Bund;Schulstr. 6;;;;;;;;;;;;;;;;;
134260;Bund;Fuchsring 21 (Teilstandort);;;;;;;;;;Teilstandort;;;Steinhauser Weg;17;58710;Menden;Ausgebaut
134260;Land;Westwall 44 (Hauptstandort);;;;;;;;;;Teilstandort;;;Lindenstraße;16;58089;Hagen;Land
134296;Bund;Am Buscheid 2;;;;;;;;;;Teilstandort;;;Berchumer Straße;68;58093;Hagen;Land
134296;Bund;Schulweg 6;;;;;;;;;;möglicher zukünftiger Standort;;4;Holthausstraße;15;58332;Schwelm;Bund
134296;Bund;Listerstraße 17;;;;;;;;;;;;;;;;;
134387;Bund;Alter Weg 39;;;;;;;;;;;;;;;;;
134387;Bund;Gutenbergstr. 1;;;;;;;;;;;;;;;;;
134387;Bund;Lenscheider Str. 34;;;;;;;;;;;;;;;;;
134399;Land;Schulstraße 10;;;;;;;;;;;;;;;;;
134405;Bund;Spreeweg 25;;;;;;;;;;;;;;;;;
134405;Bund;Zur Schlerre 8;;;;;;;;;;;;;;;;;
134417;Bund;Schulstr. 3;;;;;;;;;;;;;;;;;
134429;Bund;Bergstr. 15;;;;;;;;;;;;;;;;;
134454;Bund;Flaper Str. 23;;;;;;;;;;;;;;;;;
134480;Bund;Hochstr. 16;;;;;;;;;;;;;;;;;
134480;Land;Fürstenbergstr. 10;;;;;;;;;;;;;;;;;
134521;Land;Grundschulweg 10;;;;;;;;;;;;;;;;;
134521;Land;Kastanienweg 26;;;;;;;;;;;;;;;;;
134533;Bund;Fasanenweg 6;;;;;;;;;;;;;;;;;
134569;Land;Schulstr. 4;;;;;;;;;;;;;;;;;
134570;Land;Joh.-Dosch-Straße 2;;;;;;;;;;;;;;;;;
134570;Land;Osterfeldstr. 10;;;;;;;;;;;;;;;;;
134582;Bund;Am Kreuzberg 3;;;;;;;;;;;;;;;;;
134600;Land;Rüblinghauser Str. 13;;;;;;;;;;;;;;;;;
134600;Land;Am Buchhagen 2;;;;;;;;;;;;;;;;;
134648;Bund;Bergstr. 18;;;;;;;;;;;;;;;;;
134661;Bund;Eichhagenstraße 10;;;;;;;;;;;;;;;;;
134685;Land;Kardinal-Jaeger-Str. 9;;;;;;;;;;;;;;;;;
134703;Bund;Rinscheidstr. 12;;;;;;;;;;;;;;;;;
134703;Bund;Westerbergstr. 1;;;;;;;;;;;;;;;;;
150034;Bund;An der Hauptschule 4;;;;;;;;;;;;;;;;;
150071;Land;Aufm Ohl 12d;;;;;;;;;;;;;;;;;
158215;Land;Hangstraße 11;;;;;;;;;;;;;;;;;
158215;Bund;Geschwister-Scholl-Str. 34;;;;;;;;;;;;;;;;;
163521;Eigenwirtschaftlich;St.-Ursula-Str. 12;;;;;;;;;;;;;;;;;
163557;Land;Aufm Ohl 12a;;;;;;;;;;;;;;;;;
163569;Bund;Lehmbergstr. 74;;;;;;;;;;;;;;;;;
170227;Eigenwirtschaftlich;St.-Ursula-Str. 12;;;;;;;;;;;;;;;;;
170239;Bund;Westwall 48;;;;;;;;;;;;;;;;;
170240;Bund;Am Biertappen 45;;;;;;;;;;;;;;;;;
170252;Eigenwirtschaftlich;Olper Str. 46-48;;;;;;;;;;;;;;;;;
170276;Land;Seminarstr. 1;;;;;;;;;;;;;;;;;
181870;Bund;Hohler Weg 23;;;;;;;;;;;;;;;;;
181870;Bund;Zur Berufsschule 1;;;;;;;;;;;;;;;;;
181870;Bund;Kurfürst-Heinrich-Str. 34;;;;;;;;;;;;;;;;;
183970;Bund;Am Stürzenberg 2 (Teilstandort);;;;;;;;;;;;;;;;;
183970;Bund;Südwall 68 (Hauptstandort);;;;;;;;;;;;;;;;;
185723;Bund;Bodelschwinghstraße 9;;;;;;;;;;;;;;;;;
185735;Bund;Bodelschwinghstr. 13;;;;;;;;;;;;;;;;;
186491;Bund;Kölner Straße 46 a;;;;;;;;;;;;;;;;;
187069;Bund;Kölner Straße 46 a;;;;;;;;;;;;;;;;;
187720;Bund;Bodelschwinghstr. 13;;;;;;;;;;;;;;;;;
189716;Bund;Bodelschwinghstr. 13;;;;;;;;;;;;;;;;;
194657;Land;Auf dem Gallenberg 8;;;;;;;;;;;;;;;;;
196988;Bund;Wiesbadener Str. 10;;;;;;;;;;;;;;;;;
197142;Bund;Kopernikusstr. 22-24;;;;;;;;;;;;;;;;;
198006;Bund;Peter-Dassis-Ring 47;;;;;;;;;;;;;;;;;
198092;Bund;Herrnscheider Weg 33;;;;;;;;;;;;;;;;;
198092;Bund;Quellenweg 6 – 10;;;;;;;;;;;;;;;;;
198092;Bund;Herrnscheider Weg 33;;;;;;;;;;;;;;;;;
198821;Bund;Aufm Ohl 12a;;;;;;;;;;;;;;;;;
198821;Bund;An der Hauptschule 4;;;;;;;;;;;;;;;;;
131209;Bund;Ardeystr.;;;;;;;;;;;;;;;;;
131210;Bund;Crengeldanzstr.;;;;;;;;;;;;;;;;;
131222;Bund;In der Dickete;;;;;;;;;;;;;;;;;
131234;Bund;Steinhügel;;;;;;;;;;;;;;;;;
131246;Bund;Hellweg;;;;;;;;;;;;;;;;;
131260;Bund;Hüllbergweg;;;;;;;;;;;;;;;;;
131271;Bund;Holzkampstr.;;;;;;;;;;;;;;;;;
131283;Bund;Hörder Str.;;;;;;;;;;;;;;;;;
131295;Bund;In den Höfen;;;;;;;;;;;;;;;;;
131301;Bund;Große Borbach;;;;;;;;;;;;;;;;;
131313;Bund;Gerichtsstr.;;;;;;;;;;;;;;;;;
131325;Bund;Breddestr.;;;;;;;;;;;;;;;;;
131337;Bund;Auf dem Brenschen;;;;;;;;;;;;;;;;;
132652;Bund;Ostring;;;;;;;;;;;;;;;;;
132706;Bund;Erlenstr.;;;;;;;;;;;;;;;;;
132718;Bund;Deterberger Str.;;;;;;;;;;;;;;;;;
132720;Bund;Fettweide;;;;;;;;;;;;;;;;;
132731;Bund;Bussardweg;;;;;;;;;;;;;;;;;
132755;Bund;Kirchstraße;;;;;;;;;;;;;;;;;
132779;Land;Teichstr.;;;;;;;;;;;;;;;;;
132780;Land;Alter Hohlweg;;;;;;;;;;;;;;;;;
132792;Land;Grünewaldstr.;;;;;;;;;;;;;;;;;
132810;Bund;Brandteich;;;;;;;;;;;;;;;;;
132822;Bund;Habichtstraße;;;;;;;;;;;;;;;;;
132834;Bund;Regerstr. ;;;;;;;;;;;;;;;;;
132860;Bund;Bahnhofstraße;;;;;;;;;;;;;;;;;
132883;Bund;Blankensteiner Str.;;;;;;;;;;;;;;;;;
132895;Bund;Lessingstraße;;;;;;;;;;;;;;;;;
132901;Bund;Am Hagen;;;;;;;;;;;;;;;;;
132937;Bund;Rüggenweg;;;;;;;;;;;;;;;;;
132950;Bund;Vidumestr.;;;;;;;;;;;;;;;;;
132962;Bund;Richard-Dehmel-Str.;;;;;;;;;;;;;;;;;
132974;Bund;Buchholzer Str.;;;;;;;;;;;;;;;;;
132986;Bund;Vormholzer Ring;;;;;;;;;;;;;;;;;
133000;Bund;Wilhelmstraße;;;;;;;;;;;;;;;;;
133024;Bund;Am Berge;;;;;;;;;;;;;;;;;
133036;Bund;Neue Straße;;;;;;;;;;;;;;;;;
133048;Bund;Bahnhofstraße;;;;;;;;;;;;;;;;;
133050;Bund;Hattinger Str.;;;;;;;;;;;;;;;;;
133073;Bund;Engelbertstraße;;;;;;;;;;;;;;;;;
133085;Bund;Ländchenweg;;;;;;;;;;;;;;;;;
133097;Bund;Jahnstraße;;;;;;;;;;;;;;;;;
133115;Bund;Hobeuken;;;;;;;;;;;;;;;;;
133127;Bund;Geschwister-Scholl-Str.;;;;;;;;;;;;;;;;;
133139;Bund;Dresdener Str.;;;;;;;;;;;;;;;;;
133140;Bund;Zum Sportplatz;;;;;;;;;;;;;;;;;
133152;Bund;Königstr.;;;;;;;;;;;;;;;;;
133164;Bund;Bergstr.;;;;;;;;;;;;;;;;;
133176;Bund;Steinkampstraße;;;;;;;;;;;;;;;;;
133190;Bund;Albringhauser Straße;;;;;;;;;;;;;;;;;
133206;Bund;Schulstr.;;;;;;;;;;;;;;;;;
148805;Bund;Hamburgstr.;;;;;;;;;;;;;;;;;
149378;Bund;Friedenshöhe;;;;;;;;;;;;;;;;;
149408;Bund;Am Hofe;;;;;;;;;;;;;;;;;
157727;Bund;Beek;;;;;;;;;;;;;;;;;
157727;Bund;Husemannstraße;;;;;;;;;;;;;;;;;
157934;Bund;Lohernockenstr.;;;;;;;;;;;;;;;;;
157958;Land;Am Hofe;;;;;;;;;;;;;;;;;
158010;Bund;Langenbruchstraße;;;;;;;;;;;;;;;;;
158021;Bund;Hartmannstr.;;;;;;;;;;;;;;;;;
163090;Bund;Am Viehmarkt;;;;;;;;;;;;;;;;;
163107;Bund;Almstr.;;;;;;;;;;;;;;;;;
163302;Bund;Breslauer Platz;;;;;;;;;;;;;;;;;
163314;Bund;Alte Geer;;;;;;;;;;;;;;;;;
163326;Bund;Grünstr.;;;;;;;;;;;;;;;;;
163340;Bund;Ländchenweg;;;;;;;;;;;;;;;;;
169717;Bund;Breddestr.;;;;;;;;;;;;;;;;;
169729;Bund;Synagogenstr.;;;;;;;;;;;;;;;;;
169730;Bund;Oberdorf;;;;;;;;;;;;;;;;;
169950;Bund;Peddinghausstr.;;;;;;;;;;;;;;;;;
169961;Bund;Ochsenkamp;;;;;;;;;;;;;;;;;
169973;Bund;Lindstockstraße;;;;;;;;;;;;;;;;;
169985;Bund;Waldstr.;;;;;;;;;;;;;;;;;
169997;Bund;Hengsteyseestraße;;;;;;;;;;;;;;;;;
170008;Bund;Präsidentenstr.;;;;;;;;;;;;;;;;;
170010;Bund;Hoffmann-v-Fallersl-Str.;;;;;;;;;;;;;;;;;
180919;Bund;Pferdebachstr.;;;;;;;;;;;;;;;;;
181365;Bund;Wilhelmshöher Str.;;;;;;;;;;;;;;;;;
181390;Bund;Raabestraße;;;;;;;;;;;;;;;;;
181420;Bund;Am Grünewald;;;;;;;;;;;;;;;;;
184100;Bund;Rebecca-Hanf-Str.;;;;;;;;;;;;;;;;;
185334;Bund;Kämperfeld;;;;;;;;;;;;;;;;;
185863;Bund;Hengsteyseestraße;;;;;;;;;;;;;;;;;
186557;Bund;Am Schultenhof;;;;;;;;;;;;;;;;;
186661;Bund;Billerbeckstraße;;;;;;;;;;;;;;;;;
188141;Bund;Willy-Brandt-Str.;;;;;;;;;;;;;;;;;
188153;Bund;An der Wabeck;;;;;;;;;;;;;;;;;
189558;Bund;Geschwister-Scholl-Straße;;;;;;;;;;;;;;;;;
190007;Bund;Marxstraße;;;;;;;;;;;;;;;;;
190007;Land;Lange Horst;;;;;;;;;;;;;;;;;
190561;Bund;Gerhard-Kienle-Weg;;;;;;;;;;;;;;;;;
190950;Bund;Am Schilken;;;;;;;;;;;;;;;;;
191723;Bund;Am Sonnenstein;;;;;;;;;;;;;;;;;
191772;Bund;Husemannstraße;;;;;;;;;;;;;;;;;
192582;Bund;Genossenschaftsweg;;;;;;;;;;;;;;;;;
193069;Land;Am Hagen;;;;;;;;;;;;;;;;;
194013;Bund;Stockumer Straße;;;;;;;;;;;;;;;;;
194141;Bund;Bommerfelder Ring;;;;;;;;;;;;;;;;;
196903;Bund;Wahnscheider Str.;;;;;;;;;;;;;;;;;
197026;Bund;Wilhelmstr.;;;;;;;;;;;;;;;;;
197427;Bund;Kirchender Dorfweg;;;;;;;;;;;;;;;;;
198043;Bund;Amselweg;;;;;;;;;;;;;;;;;
188311;Bund;Agnesstr. 33 / Gretchenstr.;;;;;;;;;;;;;;;;;
179681;Bund;Akademiestr. 46/48;;;;;;;;;;;;;;;;;
183143;Land;Alleestr. 117 a/b;;;;;;;;;;;;;;;;;
128880;Land;Alte Bahnhofstr. 170;;;;;;;;;;;;;;;;;
128594;Land;Alte Wittener Str. 19;;;;;;;;;;;;;;;;;
128697;Bund;Am Neggenborn 75;;;;;;;;;;;;;;;;;
128960;Land;An der Maarbrücke 75;;;;;;;;;;;;;;;;;
128624;Land;Arndtstr. 27/29;;;;;;;;;;;;;;;;;
128612;Land;Arnoldstr. 31;;;;;;;;;;;;;;;;;
128995;Land;Auf dem Alten Kamp 35/37;;;;;;;;;;;;;;;;;
189546;Land;Axstr. 35;;;;;;;;;;;;;;;;;
131155;Land;Bochumer Str. 69/71;;;;;;;;;;;;;;;;;
128545;Land;Bonhoefferstr. 50;;;;;;;;;;;;;;;;;
128569;Land;Borgholzstr. 27;;;;;;;;;;;;;;;;;
179693;Bund;Bußmanns Weg 8;;;;;;;;;;;;;;;;;
128776;Land;Castroper Hellweg 556;;;;;;;;;;;;;;;;;
128491;Land;Castroper Str. 235;;;;;;;;;;;;;;;;;
197579;Land;Cruismannstr. 2;;;;;;;;;;;;;;;;;
189935;Bund;Deutsches Reich 58;;;;;;;;;;;;;;;;;
128557;Land;Donnerbecke 3;;;;;;;;;;;;;;;;;
128739;Land;Dr.-C.-Otto-Str. 112/114;;;;;;;;;;;;;;;;;
197117;Bund;Dr.-C.-Otto-Str. 88;;;;;;;;;;;;;;;;;
128636;Land;Drusenbergstr. 33;;;;;;;;;;;;;;;;;
187719;Land;Drusenbergstr. 33;;;;;;;;;;;;;;;;;
183131;Land;Eifelstr. 15/17;;;;;;;;;;;;;;;;;
194580;Land;Eislebener Str.;;;;;;;;;;;;;;;;;
179681;Bund;Fahrendeller Str. 25;;;;;;;;;;;;;;;;;
128806;Land;Fahrendeller Str. 27;;;;;;;;;;;;;;;;;
100048;Land;Feldsieper Str. 94;;;;;;;;;;;;;;;;;
128806;Bund;Feldsieper Str. 94;;;;;;;;;;;;;;;;;
128480;Bund;Frauenlobstr. 91;;;;;;;;;;;;;;;;;
128879;Land;Friederikastr. 19;;;;;;;;;;;;;;;;;
128843;Land;Friederikastr. 21;;;;;;;;;;;;;;;;;
100048;Bund;Gahlensche Str. 204 b;;;;;;;;;;;;;;;;;
169213;Bund;Goetheplatz 1;;;;;;;;;;;;;;;;;
163077;Bund;Graf-Adolf-Str. 40;;;;;;;;;;;;;;;;;
179670;Bund;Hasselbrink 27;;;;;;;;;;;;;;;;;
188414;Bund;Hauptstr. 153;;;;;;;;;;;;;;;;;
157430;Bund;Hauptstr. 155;;;;;;;;;;;;;;;;;
157200;Bund;Hauptstr. 157;;;;;;;;;;;;;;;;;
128545;Land;Havelstr. 12;;;;;;;;;;;;;;;;;
147370;Bund;Haydnstr. 3;;;;;;;;;;;;;;;;;
157120;Land;Hegelstr. 6;;;;;;;;;;;;;;;;;
162711;Bund;Heinrichstr. 2;;;;;;;;;;;;;;;;;
169237;Land;Heinrichstr. 2;;;;;;;;;;;;;;;;;
128776;Land;Heinrichstr. 40;;;;;;;;;;;;;;;;;
193318;Land;Hiltroper Str. 53;;;;;;;;;;;;;;;;;
163089;Bund;Höntroper Str. 99;;;;;;;;;;;;;;;;;
128582;Bund;Hordeler Heide 169 e;;;;;;;;;;;;;;;;;
128697;Bund;Hörder Str. 116;;;;;;;;;;;;;;;;;
128971;Land;Hufelandstr. 17;;;;;;;;;;;;;;;;;
184860;Land;Hustadtring 144;;;;;;;;;;;;;;;;;
128867;Land;Josephinenstr. 80;;;;;;;;;;;;;;;;;
179670;Bund;Karl-Friedrich-Str. 66 a;;;;;;;;;;;;;;;;;
169225;Bund;Keilstr. 42 - 48;;;;;;;;;;;;;;;;;
128922;Bund;Kemnader Str. 218;;;;;;;;;;;;;;;;;
169158;Bund;Klinikstr. 1;;;;;;;;;;;;;;;;;
128510;Land;Köllerholzweg 61;;;;;;;;;;;;;;;;;
169160;Bund;Königsallee 77/79;;;;;;;;;;;;;;;;;
128533;Land;Kreyenfeldstr. 80;;;;;;;;;;;;;;;;;
128740;Land;Lange Malterse 18;;;;;;;;;;;;;;;;;
190160;Land;Lindener Str. 28;;;;;;;;;;;;;;;;;
169705;Bund;Lohackerstr. 13;;;;;;;;;;;;;;;;;
189947;Bund;Lohackerstr. 15;;;;;;;;;;;;;;;;;
162656;Bund;Lohring 22;;;;;;;;;;;;;;;;;
128600;Land;Maischützenstr. 70;;;;;;;;;;;;;;;;;
164239;Bund;Markstr. 189;;;;;;;;;;;;;;;;;
128569;Land;Markstr. 290;;;;;;;;;;;;;;;;;
131131;Land;Marktstr. 21;;;;;;;;;;;;;;;;;
128818;Land;Natorpstr. 51;;;;;;;;;;;;;;;;;
128820;Land;Neulingstr. 15;;;;;;;;;;;;;;;;;
128910;Land;Oberstr. 65;;;;;;;;;;;;;;;;;
179700;Bund;Ostring 25;;;;;;;;;;;;;;;;;
179670;Bund;Ostring 27;;;;;;;;;;;;;;;;;
169183;Bund;Ottilienstr. 12;;;;;;;;;;;;;;;;;
131120;Bund;Preins Feld 3;;;;;;;;;;;;;;;;;
162681;Bund;Querenburger Str. 35;;;;;;;;;;;;;;;;;
195947;Bund;Querenburger Str. 45;;;;;;;;;;;;;;;;;
128582;Bund;Rastenburger Str. 11;;;;;;;;;;;;;;;;;
131179;Land;Ruhrstr. 150;;;;;;;;;;;;;;;;;
169699;Bund;Saarlandstr. 40/44;;;;;;;;;;;;;;;;;
128673;Land;Sanderweg 25;;;;;;;;;;;;;;;;;
131167;Bund;Schulstr. 7;;;;;;;;;;;;;;;;;
128910;Land;Somborner Str. 22;;;;;;;;;;;;;;;;;
197105;Bund;Stiftstr. 25;;;;;;;;;;;;;;;;;
148740;Bund;Voedestr. 46/48;;;;;;;;;;;;;;;;;
128685;Land;Von-Waldthausen-Str. 82;;;;;;;;;;;;;;;;;
196447;Bund;Vorstadtstr. 14;;;;;;;;;;;;;;;;;
169171;Bund;Waldring 71;;;;;;;;;;;;;;;;;
193318;Land;Wasserstr. 46;;;;;;;;;;;;;;;;;
131088;Land;Wattenscheider Hellweg 87/89;;;;;;;;;;;;;;;;;
131090;Bund;Westenfelder Str. 107;;;;;;;;;;;;;;;;;
180889;Bund;Westenfelder Str. 88;;;;;;;;;;;;;;;;;
196435;Land;Wilbergstr. 3;;;;;;;;;;;;;;;;;
189935;Bund;Wittekindstr. 33;;;;;;;;;;;;;;;;;
164045;Bund;Wittener Str. 61;;;;;;;;;;;;;;;;;
189418;Land;Nevelstr. 3;;;;;;;;;;;;;;;;;
191103;Bund;Weitmarer Str. 115 A;;;;;;;;;;;;;;;;;
100037;Land;Weitmarer Str. 115 B;;;;;;;;;;;;;;;;;
191127;Land;Wiemelhauser Str. 270;;;;;;;;;;;;;;;;;
195820;Land;Springorumallee 3;;;;;;;;;;;;;;;;;
199205;Land;Springorumallee 1;;;;;;;;;;;;;;;;;
184408;Land;Gerther Str. 31;;;;;;;;;;;;;;;;;
164227;Land;Hauptstr. 238;;;;;;;;;;;;;;;;;
187409;Land;Höntroper Str. 95;;;;;;;;;;;;;;;;;
173654;Land;Springorumallee 20;;;;;;;;;;;;;;;;;
198481;Land;Bessemerstr. 80;;;;;;;;;;;;;;;;;
192533;Land;Dannenbaumstr. 63;;;;;;;;;;;;;;;;;
144551;Eigenwirtschaftlich;Stefanstraße 33;;;;;;;;;;;;;;;;;
144551;Eigenwirtschaftlich;Stefanstraße 51b;;;;;;;;;;;;;;;;;
188025;Eigenwirtschaftlich;Ewald-Wortmann-Weg 10;;;;;;;;;;;;;;;;;
188025;Eigenwirtschaftlich;Kobbenskamp 23 a;;;;;;;;;;;;;;;;;
148350;Eigenwirtschaftlich;Frankenstraße 12;;;;;;;;;;;;;;;;;
197002;Eigenwirtschaftlich;An der Falkschule 9;;;;;;;;;;;;;;;;;
169560;Eigenwirtschaftlich;Am Beisenkamp 1;;;;;;;;;;;;;;;;;
130461;Eigenwirtschaftlich;Am Ebertpark 10;;;;;;;;;;;;;;;;;
136037;Eigenwirtschaftlich;Am Ebertpark 14-16;;;;;;;;;;;;;;;;;
136037;Eigenwirtschaftlich;Lange Straße 11;;;;;;;;;;;;;;;;;
180518;Eigenwirtschaftlich;Vorheider Weg 8;;;;;;;;;;;;;;;;;
180520;Eigenwirtschaftlich;Am Ebertpark 7;;;;;;;;;;;;;;;;;
180520;Eigenwirtschaftlich;Titaniastraße 7;;;;;;;;;;;;;;;;;
156048;Eigenwirtschaftlich;Glückaufstraße 2;;;;;;;;;;;;;;;;;
150782;Eigenwirtschaftlich;Kirchweg 90;;;;;;;;;;;;;;;;;
169596;Eigenwirtschaftlich;Karl-Koßmann-Straße 2;;;;;;;;;;;;;;;;;
121459;Eigenwirtschaftlich;Vorheider Weg 1;;;;;;;;;;;;;;;;;
189250;Eigenwirtschaftlich;Marker Allee 20;;;;;;;;;;;;;;;;;
162980;Eigenwirtschaftlich;Auf dem Hilkenhohl 3;;;;;;;;;;;;;;;;;
188724;Eigenwirtschaftlich;Lange Straße 14-16;;;;;;;;;;;;;;;;;
188724;Eigenwirtschaftlich;Vorheider Weg 14;;;;;;;;;;;;;;;;;
188724;Eigenwirtschaftlich;Muntenburgstraße 30;;;;;;;;;;;;;;;;;
169559;Eigenwirtschaftlich;Dr.-Voßhage-Straße 1;;;;;;;;;;;;;;;;;
169559;Eigenwirtschaftlich;Titaniastraße 137;;;;;;;;;;;;;;;;;
130503;Eigenwirtschaftlich;Titaniastraße 5;;;;;;;;;;;;;;;;;
120704;Eigenwirtschaftlich;Schlägelstraße 20;;;;;;;;;;;;;;;;;
169572;Eigenwirtschaftlich;Adenauerallee 2;;;;;;;;;;;;;;;;;
130552;Eigenwirtschaftlich;Fischerstraße 126;;;;;;;;;;;;;;;;;
130552;Eigenwirtschaftlich;Bonifatiusweg 15;;;;;;;;;;;;;;;;;
135999;Eigenwirtschaftlich;Dortmunder Straße 170;;;;;;;;;;;;;;;;;
130485;Eigenwirtschaftlich;An der Johanneskirche 26;;;;;;;;;;;;;;;;;
120686;Eigenwirtschaftlich;Hardinghausstraße 5;;;;;;;;;;;;;;;;;
120698;Eigenwirtschaftlich;Am Ebertpark 5;;;;;;;;;;;;;;;;;
148349;Eigenwirtschaftlich;Westberger Weg 17/19;;;;;;;;;;;;;;;;;
130540;Eigenwirtschaftlich;Am Ebertpark 45;;;;;;;;;;;;;;;;;
194177;Eigenwirtschaftlich;Heideweg 4;;;;;;;;;;;;;;;;;
136013;Eigenwirtschaftlich;Lange Straße 16;;;;;;;;;;;;;;;;;
188761;Eigenwirtschaftlich;Dortmunder Straße 170;;;;;;;;;;;;;;;;;
130473;Eigenwirtschaftlich;Vorheider Weg 21;;;;;;;;;;;;;;;;;
130473;Eigenwirtschaftlich;Titaniastraße 26;;;;;;;;;;;;;;;;;
169584;Eigenwirtschaftlich;Wilhelm-Liebknecht-Straße 11;;;;;;;;;;;;;;;;;
192922;Eigenwirtschaftlich;Torneweg 5;;;;;;;;;;;;;;;;;
144174;Eigenwirtschaftlich;Bockelweg 83;;;;;;;;;;;;;;;;;
136062;Eigenwirtschaftlich;Alter Uentroper Weg 225;;;;;;;;;;;;;;;;;
136062;Eigenwirtschaftlich;Uentroper Dorfstraße 2;;;;;;;;;;;;;;;;;
121484;Eigenwirtschaftlich;Overbergstraße 12;;;;;;;;;;;;;;;;;
121484;Eigenwirtschaftlich;Am Ebertpark 7;;;;;;;;;;;;;;;;;
163764;Eigenwirtschaftlich;Wernerstraße 9;;;;;;;;;;;;;;;;;
163764;Eigenwirtschaftlich;Jahnstraße 23;;;;;;;;;;;;;;;;;
163764;Eigenwirtschaftlich;Marker Dorfstraße 8;;;;;;;;;;;;;;;;;
136001;Eigenwirtschaftlich;Kopernikusstraße 13a;;;;;;;;;;;;;;;;;
136050;Eigenwirtschaftlich;Brandheide 94;;;;;;;;;;;;;;;;;
136025;Eigenwirtschaftlich;Auf der Horst 18;;;;;;;;;;;;;;;;;
189807;Eigenwirtschaftlich;Stefanstraße 42;;;;;;;;;;;;;;;;;
120674;Eigenwirtschaftlich;Heessener Dorfstraße 25;;;;;;;;;;;;;;;;;
121472;Eigenwirtschaftlich;Hohenhöveler Straße 31;;;;;;;;;;;;;;;;;
130515;Eigenwirtschaftlich;Brändströmstraße 7;;;;;;;;;;;;;;;;;
121460;Eigenwirtschaftlich;Dörholtstraße 27;;;;;;;;;;;;;;;;;
130497;Eigenwirtschaftlich;Wilhelmstraße 99a;;;;;;;;;;;;;;;;;
183052;Bund;An der Lohschule 6;;;;;;;;;;;;;;;;;
197002;noch unbekannt;An der Falkschule 9;;;;;;;;;;;;;;;;;
189789;Bund;Kobbenskamp 23;;;;;;;;;;;;;;;;;
168040;noch unbekannt;Schlossstr. 1;;;;;;;;;;;;;;;;;
184366;Bund;Heithofer Allee 64;;;;;;;;;;;;;;;;;
162978;Bund;Franziskanerstr. 1;;;;;;;;;;;;;;;;;
195674;noch unbekannt;Zur Roten Fuhr 3;;;;;;;;;;;;;;;;;
157533;noch unbekannt;Heithofer Allee 64;;;;;;;;;;;;;;;;;
180531;Bund;Franziskanerstr. 2 a;;;;;;;;;;;;;;;;;
129150;Bund;Schulte-Heuthaus-Straße 28;;;;;;;;;;;;;;;;;
129161;Bund;Winkelriedweg 2;;;;;;;;;;;;;;;;;
129173;Bund;Ziegelhüttenstraße 11;;;;;;;;;;;;;;;;;
129185;Bund;Beurhausstraße 15-17;;;;;;;;;;;;;;;;;
129197;Bund;Castroper Straße 153;;;;;;;;;;;;;;;;;
129203;Bund;Gretelweg 15;;;;;;;;;;;;;;;;;
129215;Bund;Grundstraße 14;;;;;;;;;;;;;;;;;
129227;Bund;Flughafenstraße 73;;;;;;;;;;;;;;;;;
129239;Bund;Uranusstraße 50;;;;;;;;;;;;;;;;;
129264;Land;Dollersweg 14;;;;;;;;;;;;;;;;;
129276;Bund;Egilmarstraße 40;;;;;;;;;;;;;;;;;
129288;Land;Husener Eichwaldstraße 270;;;;;;;;;;;;;;;;;
129306;Bund;Evastraße 1;;;;;;;;;;;;;;;;;
129318;Bund;Lothringer Straße 8;;;;;;;;;;;;;;;;;
129355;Bund;Arminiusstraße 10;;;;;;;;;;;;;;;;;
129379;Kein Bedarf - bereits Glas;Kreuzstraße 145;;;;;;;;;;;;;;;;;
129392;Bund;Leostraße 33;;;;;;;;;;;;;;;;;
129409;Bund;Schillingstraße 26a;;;;;;;;;;;;;;;;;
129410;Land;Am Hohen Teich 5;;;;;;;;;;;;;;;;;
129446;Bund;Paderborner Straße 109;;;;;;;;;;;;;;;;;
129458;Land;Robert-Koch-Straße 50;;;;;;;;;;;;;;;;;
129460;Bund;Ruhrallee 84-90;;;;;;;;;;;;;;;;;
129471;Bund;Falläckerweg 23;;;;;;;;;;;;;;;;;
129495;Bund;Roßbachstraße 21;;;;;;;;;;;;;;;;;
129501;Bund;Auf dem Kellerkamp 11;;;;;;;;;;;;;;;;;
129513;Bund;Am Westheck 73;;;;;;;;;;;;;;;;;
129525;Bund;Am Wasserfall 26;;;;;;;;;;;;;;;;;
129537;Bund;Kautskystraße 23-25;;;;;;;;;;;;;;;;;
129549;Bund;Stortsweg 52-54;;;;;;;;;;;;;;;;;
129550;Bund;Westholz 100;;;;;;;;;;;;;;;;;
129562;Bund;An der Margarethenkapelle 5;;;;;;;;;;;;;;;;;
129574;Kein Bedarf - bereits Glas;Münsterstraße 138-140;;;;;;;;;;;;;;;;;
129586;Bund;Husener Eichwaldstraße 272;;;;;;;;;;;;;;;;;
129598;Bund;Friedrichsruher Straße 11;;;;;;;;;;;;;;;;;
129616;Bund;Dollersweg 14;;;;;;;;;;;;;;;;;
129628;Bund;Deusener Straße 230;;;;;;;;;;;;;;;;;
129630;Bund;Am Bruchheck 47;;;;;;;;;;;;;;;;;
129641;Bund;Burgholzstraße 148;;;;;;;;;;;;;;;;;
129653;Bund;Behringstraße 59;;;;;;;;;;;;;;;;;
129653;Bund;Löttringhauser Straße 237;;;;;;;;;;;;;;;;;
129665;Bund;Akazienstraße 84-86;;;;;;;;;;;;;;;;;
129677;Bund;Sumbecks Holz 7-9;;;;;;;;;;;;;;;;;
129689;Bund;Welkenerstraße 24;;;;;;;;;;;;;;;;;
129690;Bund;Hangeneystraße 60;;;;;;;;;;;;;;;;;
129707;Bund;Kobbendelle 6;;;;;;;;;;;;;;;;;
129719;Bund;Gürtlerstraße 1;;;;;;;;;;;;;;;;;
129720;Bund;Evinger Straße 600;;;;;;;;;;;;;;;;;
129720;Bund;Am Birkenbaum 35;;;;;;;;;;;;;;;;;
129732;Bund;Vinklöther Mark 11;;;;;;;;;;;;;;;;;
129744;Bund;Weingartenstraße 49;;;;;;;;;;;;;;;;;
129756;Bund;Siegfried-Drupp-Straße 5;;;;;;;;;;;;;;;;;
129768;Bund;Heilbronner Straße 4;;;;;;;;;;;;;;;;;
129770;Bund;Haslindestraße 44;;;;;;;;;;;;;;;;;
129781;Bund;Harnackstraße 57;;;;;;;;;;;;;;;;;
129793;Bund;Derner Kippshof 36;;;;;;;;;;;;;;;;;
129800;Bund;Somborner Straße 110;;;;;;;;;;;;;;;;;
129811;Bund;Wenemarstraße 11-13;;;;;;;;;;;;;;;;;
129823;Bund;Busenbergstraße 5;;;;;;;;;;;;;;;;;
129823;Bund;Hirschweg 14;;;;;;;;;;;;;;;;;
129835;Bund;Joseph-Cremer-Straße 25;;;;;;;;;;;;;;;;;
129847;Kein Bedarf - bereits Glas;Am Hombruchsfeld 55b;;;;;;;;;;;;;;;;;
129859;Bund;Sölder Straße 71;;;;;;;;;;;;;;;;;
129860;Bund;Jungferntalstraße 60-64;;;;;;;;;;;;;;;;;
129884;Bund;Heroldstraße 29;;;;;;;;;;;;;;;;;
129896;Bund;Karl-Schurz-Straße 14;;;;;;;;;;;;;;;;;
129902;Bund;Schwerter Straße 269;;;;;;;;;;;;;;;;;
129914;Bund;Robert-Koch-Straße 50;;;;;;;;;;;;;;;;;
129926;Bund;Rispenstraße 40-42;;;;;;;;;;;;;;;;;
129938;Bund;Limbecker Straße 70;;;;;;;;;;;;;;;;;
129940;Bund;Lina-Schäfer-Straße 36;;;;;;;;;;;;;;;;;
129963;Bund;Langschede Straße 18;;;;;;;;;;;;;;;;;
129975;Bund;Gneisenaustraße 60;;;;;;;;;;;;;;;;;
129987;Kein Bedarf - bereits Glas;Landgrafenstraße 1-3;;;;;;;;;;;;;;;;;
129999;Kein Bedarf - bereits Glas;Rüdinghauser Straße 15;;;;;;;;;;;;;;;;;
130000;Kein Bedarf - bereits Glas;Köln-Berliner-Straße 72;;;;;;;;;;;;;;;;;
130011;Bund;Am Petersheck 9;;;;;;;;;;;;;;;;;
130023;Bund;Untere Pekingstraße 24;;;;;;;;;;;;;;;;;
130035;Bund;Overgünne 125;;;;;;;;;;;;;;;;;
130059;Bund;Grävingholzstraße 59;;;;;;;;;;;;;;;;;
130060;Bund;Adalmundstraße 1;;;;;;;;;;;;;;;;;
130072;Bund;Lührmannstr. 1;;;;;;;;;;;;;;;;;
130096;Bund;Osterfeldstraße 131;;;;;;;;;;;;;;;;;
130102;Bund;Olpketalstraße 81;;;;;;;;;;;;;;;;;
130114;Bund;Oesterholzstraße 69;;;;;;;;;;;;;;;;;
130126;Kein Bedarf - bereits Glas;Nordmarkt 18-20;;;;;;;;;;;;;;;;;
130138;Bund;Bergmeisterstraße 12;;;;;;;;;;;;;;;;;
130140;Bund;Merckenbuschweg 41;;;;;;;;;;;;;;;;;
130151;Bund;Kleybredde 38;;;;;;;;;;;;;;;;;
133607;Bund;Heinrich-Pieper-Straße 2;;;;;;;;;;;;;;;;;
133619;Bund;Schulstraße 2;;;;;;;;;;;;;;;;;
133619;Bund;Bodieckstraße 86;;;;;;;;;;;;;;;;;
147709;Bund;Kleybredde 44;;;;;;;;;;;;;;;;;
147801;Land;Schweizer Allee 25;;;;;;;;;;;;;;;;;
147898;Bund;Evinger Parkweg 10;;;;;;;;;;;;;;;;;
147941;Kein Bedarf - bereits Glas;Gleiwitzstraße 200;;;;;;;;;;;;;;;;;
147977;Bund;Scharnhorststraße 40;;;;;;;;;;;;;;;;;
147977;Bund;Lützowstraße 75;;;;;;;;;;;;;;;;;
148015;Land;Mengeder Markt 6-8;;;;;;;;;;;;;;;;;
148076;Land;Stettiner Straße 10;;;;;;;;;;;;;;;;;
148143;Bund;Husener Eichwaldstraße 270;;;;;;;;;;;;;;;;;
157296;Bund;Sanderoth 2 - 4;;;;;;;;;;;;;;;;;
157326;Bund;Flurstraße 70a;;;;;;;;;;;;;;;;;
157338;Bund;Diakon-Koch-Weg 3;;;;;;;;;;;;;;;;;
157351;Bund;Westermannstraße 21;;;;;;;;;;;;;;;;;
157363;Bund;Castroper Straße 121;;;;;;;;;;;;;;;;;
157442;Land;Oberevinger Straße 155;;;;;;;;;;;;;;;;;
157442;Land;Gretelweg 35-37;;;;;;;;;;;;;;;;;
162747;Land;Kreuzstraße 159;;;;;;;;;;;;;;;;;
162760;Land;Schweizer Allee 25;;;;;;;;;;;;;;;;;
162784;Bund;Am Lieberfeld 13;;;;;;;;;;;;;;;;;
162796;Bund;Prinz-Friedrich-Karl-Straße 72-78;;;;;;;;;;;;;;;;;
162814;Kein Bedarf - bereits Glas;Goethestraße 20;;;;;;;;;;;;;;;;;
162826;Kein Bedarf - bereits Glas;Hochofenstraße 38;;;;;;;;;;;;;;;;;
162840;Kein Bedarf - bereits Glas;Am Hombruchsfeld 69;;;;;;;;;;;;;;;;;
162851;Bund;Dörwerstraße 42;;;;;;;;;;;;;;;;;
162863;Bund;Sumbecks Holz 5;;;;;;;;;;;;;;;;;
162875;Land;In der Großen Heide 15-17;;;;;;;;;;;;;;;;;
162887;Kein Bedarf - bereits Glas;Grüningsweg 42;;;;;;;;;;;;;;;;;
162899;Bund;Höfkerstraße 7;;;;;;;;;;;;;;;;;
164240;Kein Bedarf - bereits Glas;Mackenrothweg 15;;;;;;;;;;;;;;;;;
169274;Land;Sumbecks Holz 5;;;;;;;;;;;;;;;;;
169286;Land;Preußische Straße 225;;;;;;;;;;;;;;;;;
169298;Kein Bedarf - bereits Glas;Grüningsweg 42;;;;;;;;;;;;;;;;;
169304;Kein Bedarf - bereits Glas;Ardeystraße 70-72;;;;;;;;;;;;;;;;;
169328;Kein Bedarf - bereits Glas;Am Hombruchsfeld 55a;;;;;;;;;;;;;;;;;
169330;Kein Bedarf - bereits Glas;Erzbergerstraße 1-3;;;;;;;;;;;;;;;;;
169341;Kein Bedarf - bereits Glas;Heiliger Weg 25;;;;;;;;;;;;;;;;;
169353;Bund;Hallerey 49-51;;;;;;;;;;;;;;;;;
169390;Land;Schweizer Allee 18-20;;;;;;;;;;;;;;;;;
169407;Land;Kreuzstraße 163;;;;;;;;;;;;;;;;;
169419;Land;Stettiner Straße 12;;;;;;;;;;;;;;;;;
169420;Kein Bedarf - bereits Glas;Münsterstraße 122;;;;;;;;;;;;;;;;;
169456;Bund;Seekante 12;;;;;;;;;;;;;;;;;
170732;Kein Bedarf - bereits Glas;Rheinische Straße 67-69;;;;;;;;;;;;;;;;;
170732;Kein Bedarf - bereits Glas;Möllerstraße 3;;;;;;;;;;;;;;;;;
179930;Kein Bedarf - bereits Glas;Brügmannstraße 21-23;;;;;;;;;;;;;;;;;
179942;Kein Bedarf - bereits Glas;Benno-Elkan-Allee 2;;;;;;;;;;;;;;;;;
179966;Kein Bedarf - bereits Glas;Weißenburgerstraße 63;;;;;;;;;;;;;;;;;
179966;Kein Bedarf - bereits Glas;Brügmannstr 21-25;;;;;;;;;;;;;;;;;
179966;Kein Bedarf - bereits Glas;Ruhrallee 84-90;;;;;;;;;;;;;;;;;
179966;Kein Bedarf - bereits Glas;Barbarastraße 7;;;;;;;;;;;;;;;;;
179966;Kein Bedarf - bereits Glas;Bornstraße 1;;;;;;;;;;;;;;;;;
179978;Kein Bedarf - bereits Glas;Hacheneyer Straße 177;;;;;;;;;;;;;;;;;
179991;Kein Bedarf - bereits Glas;Hacheneyer Straße 185;;;;;;;;;;;;;;;;;
180040;Kein Bedarf - bereits Glas;Gronaustraße 4;;;;;;;;;;;;;;;;;
180051;Kein Bedarf - bereits Glas;Geschwister-Scholl-Straße 1;;;;;;;;;;;;;;;;;
183167;Bund;Dörwerstraße 34;;;;;;;;;;;;;;;;;
183842;Bund;Buschei 28;;;;;;;;;;;;;;;;;
184123;Kein Bedarf - bereits Glas;Emil-Moog Platz  15;;;;;;;;;;;;;;;;;
185097;Kein Bedarf - bereits Glas;Kreuzstraße 155;;;;;;;;;;;;;;;;;
186697;Bund;Winkelriedweg 4;;;;;;;;;;;;;;;;;
186697;Bund;Sendstraße 100-102;;;;;;;;;;;;;;;;;
187483;Kein Bedarf - bereits Glas;Beurhausstraße 45;;;;;;;;;;;;;;;;;
187483;Kein Bedarf - bereits Glas;Marsbruchstraße 162 B;;;;;;;;;;;;;;;;;
188207;Bund;Volksgartenstraße 19-21;;;;;;;;;;;;;;;;;
188219;Land;Haferfeldstraße 3-5;;;;;;;;;;;;;;;;;
188220;Kein Bedarf - bereits Glas;Burgholzstraße 114-120;;;;;;;;;;;;;;;;;
188220;Kein Bedarf - bereits Glas;Burgholzstraße 150;;;;;;;;;;;;;;;;;
188700;Bund;Hueckstraße 25;;;;;;;;;;;;;;;;;
188827;Bund;Parsevalstraße 170;;;;;;;;;;;;;;;;;
189960;Kein Bedarf - bereits Glas;Klüsenerskamp 15;;;;;;;;;;;;;;;;;
189960;Kein Bedarf - bereits Glas;Am Hombruchsfeld 55b;;;;;;;;;;;;;;;;;
190627;Kein Bedarf - bereits Glas;Rheinische Straße 69;;;;;;;;;;;;;;;;;
192296;Bund;Kleine Kielstraße 20;;;;;;;;;;;;;;;;;
192820;Bund;Fine Frau 50-58;;;;;;;;;;;;;;;;;
193641;Kein Bedarf - bereits Glas;Am Gottesacker 64;;;;;;;;;;;;;;;;;
193902;Bund;Auf der Linnert 6;;;;;;;;;;;;;;;;;
193902;Bund;Froschlake 45;;;;;;;;;;;;;;;;;
193938;Land;Gleiwitzstraße 200;;;;;;;;;;;;;;;;;
196990;Land;Im Odemsloh 107;;;;;;;;;;;;;;;;;
197385;Bund;Eierkampstraße 2;;;;;;;;;;;;;;;;;
179980;noch unbekannt;Am Rombergpark 38-40;;;;;;;;;;;;;;;;;
100038;noch unbekannt;Kalver Str. ;;;;;;;;;;;;;;;;;
130758;Bund;Freiligrathstr.;;;;;;;;;;;;;;;;;
130760;Bund;Lichte Kammer;;;;;;;;;;;;;;;;;
130783;Land;Langerfeldstr. ;;;;;;;;;;;;;;;;;
130795;Bund;Im Wiesengrund ;;;;;;;;;;;;;;;;;
130813;Land;Bleichstr.;;;;;;;;;;;;;;;;;
130825;Bund;Waisenhausstr. ;;;;;;;;;;;;;;;;;
131350;Land;Bergfelder Weg ;;;;;;;;;;;;;;;;;
131404;Kein Bedarf - bereits Glas;Auf der Lied ;;;;;;;;;;;;;;;;;
131430;Kein Bedarf - bereits Glas;Hallenstr.;;;;;;;;;;;;;;;;;
131441;Eigenwirtschaftlich;Brockhauser Weg ;;;;;;;;;;;;;;;;;
131453;Eigenwirtschaftlich;Königstraße;;;;;;;;;;;;;;;;;
131477;Bund;Feldstraße;;;;;;;;;;;;;;;;;
131507;Land;Schulstraße;;;;;;;;;;;;;;;;;
131519;Bund;Danziger Straße ;;;;;;;;;;;;;;;;;
131520;Kein Bedarf - bereits Glas;Elsener Straße;;;;;;;;;;;;;;;;;
131532;Kein Bedarf - bereits Glas;Bergstr.;;;;;;;;;;;;;;;;;
131556;Land;Ehrenmalstr.;;;;;;;;;;;;;;;;;
131568;Bund;Pestalozziweg;;;;;;;;;;;;;;;;;
131581;Bund;Schulstraße ;;;;;;;;;;;;;;;;;
131600;Kein Bedarf - bereits Glas;Richelnkamp;;;;;;;;;;;;;;;;;
131611;Kein Bedarf - bereits Glas;Haunerbusch;;;;;;;;;;;;;;;;;
131623;Land;Schubertstr;;;;;;;;;;;;;;;;;
131635;Land;Brockhauser Weg ;;;;;;;;;;;;;;;;;
131659;Land;Danziger Weg ;;;;;;;;;;;;;;;;;
131660;Land;Weißenburger Str. ;;;;;;;;;;;;;;;;;
131684;Land;Kölner Str.;;;;;;;;;;;;;;;;;
131702;Bund;Lessingstr. ;;;;;;;;;;;;;;;;;
131738;Bund;Kirchstr.;;;;;;;;;;;;;;;;;
131751;Land;Im Olpendahl;;;;;;;;;;;;;;;;;
131775;Kein Bedarf - bereits Glas;Südstr.;;;;;;;;;;;;;;;;;
131799;Kein Bedarf - bereits Glas;Schulstr.;;;;;;;;;;;;;;;;;
131817;Bund;Alte Burg ;;;;;;;;;;;;;;;;;
131842;Kein Bedarf - bereits Glas;Spormecke;;;;;;;;;;;;;;;;;
131970;Kein Bedarf - bereits Glas;Brucknerweg;;;;;;;;;;;;;;;;;
131982;Kein Bedarf - bereits Glas;Nikolausstraße;;;;;;;;;;;;;;;;;
132007;Kein Bedarf - bereits Glas;Schulstraße ;;;;;;;;;;;;;;;;;
133267;Bund;Saatweg;;;;;;;;;;;;;;;;;
133280;Bund;Unterfeldstraße;;;;;;;;;;;;;;;;;
133292;Bund;Im Nordfeld ;;;;;;;;;;;;;;;;;
133309;Land;Werringser Str. ;;;;;;;;;;;;;;;;;
133322;Bund;Beethovenstr.;;;;;;;;;;;;;;;;;
133437;Land;Oesestr.;;;;;;;;;;;;;;;;;
133449;Land;Brockhauser Weg;;;;;;;;;;;;;;;;;
133450;Land;Stübecker Weg;;;;;;;;;;;;;;;;;
133462;Land;Kantstraße;;;;;;;;;;;;;;;;;
133474;Land;Berliner Str. ;;;;;;;;;;;;;;;;;
133486;Bund;Schulstraße;;;;;;;;;;;;;;;;;
133498;Land;An der Steinert ;;;;;;;;;;;;;;;;;
133504;Kein Bedarf - bereits Glas;Heinrich-Goswin-Str. ;;;;;;;;;;;;;;;;;
133516;Bund;Bahnhofstraße in Bösperde;;;;;;;;;;;;;;;;;
133530;Bund;Salzweg;;;;;;;;;;;;;;;;;
133565;Bund;Friedhofstr.;;;;;;;;;;;;;;;;;
133590;Land;Burggräfte;;;;;;;;;;;;;;;;;
148519;Bund;Gerlingser Weg;;;;;;;;;;;;;;;;;
148891;Eigenwirtschaftlich;Zeppelinstr. ;;;;;;;;;;;;;;;;;
148970;Bund;Mühlenstraße;;;;;;;;;;;;;;;;;
149160;Kein Bedarf - bereits Glas;Am Krumpaul ;;;;;;;;;;;;;;;;;
149603;Bund;Aucheler Straße ;;;;;;;;;;;;;;;;;
149639;Land;Windthorststr. ;;;;;;;;;;;;;;;;;
151646;Bund;Hennener Str.;;;;;;;;;;;;;;;;;
151658;Land;Leckingser Straße;;;;;;;;;;;;;;;;;
158070;Land;Im Nordfeld;;;;;;;;;;;;;;;;;
158410;Bund;Gustav-Reinhard-Straße;;;;;;;;;;;;;;;;;
163119;Eigenwirtschaftlich;Albert-Schweitzer-Str. ;;;;;;;;;;;;;;;;;
163120;Bund;Brüderstr.;;;;;;;;;;;;;;;;;
163132;Bund;Humboldtstraße;;;;;;;;;;;;;;;;;
163144;Bund;Gustavstr. ;;;;;;;;;;;;;;;;;
163156;Bund;Buckesfelder Str.;;;;;;;;;;;;;;;;;
163235;Kein Bedarf - bereits Glas;Am Krumpaul ;;;;;;;;;;;;;;;;;
163363;Bund;Von-der-Kuhlen-Str. ;;;;;;;;;;;;;;;;;
163375;Bund;Klosterstr. ;;;;;;;;;;;;;;;;;
163405;Bund;Urbecker Straße;;;;;;;;;;;;;;;;;
164276;Bund;Otto-Ruhe-Str.;;;;;;;;;;;;;;;;;
169638;Kein Bedarf - bereits Glas;Alexander-Pfänder-Weg ;;;;;;;;;;;;;;;;;
169640;Bund;Stennerstraße;;;;;;;;;;;;;;;;;
169754;Kein Bedarf - bereits Glas;Bismarckstraße;;;;;;;;;;;;;;;;;
169766;Eigenwirtschaftlich;Albert-Schweitzer-Str. ;;;;;;;;;;;;;;;;;
169778;Bund;Kantstraße;;;;;;;;;;;;;;;;;
169780;Bund;SaarLandstr.;;;;;;;;;;;;;;;;;
169791;Bund;Hochstr.;;;;;;;;;;;;;;;;;
169808;Bund;Staberger Str. ;;;;;;;;;;;;;;;;;
169810;Kein Bedarf - bereits Glas;Christoph-Friedrich-Baehrens-Str.;;;;;;;;;;;;;;;;;
169882;Bund;Bismarckstraße;;;;;;;;;;;;;;;;;
170033;Bund;Aucheler Straße ;;;;;;;;;;;;;;;;;
170069;Bund;Schwitter Weg;;;;;;;;;;;;;;;;;
170094;Bund;Albert-Schweitzer-Straße;;;;;;;;;;;;;;;;;
180695;Bund;Karnacksweg;;;;;;;;;;;;;;;;;
180701;Land;Brüderstraße;;;;;;;;;;;;;;;;;
180713;Bund;Hansaallee;;;;;;;;;;;;;;;;;
181020;Bund;Eugen-Schmalenbach-Str.;;;;;;;;;;;;;;;;;
181031;Bund;Raithelplatz ;;;;;;;;;;;;;;;;;
181043;Bund;Raithelplatz ;;;;;;;;;;;;;;;;;
181500;Bund;Werler Str. ;;;;;;;;;;;;;;;;;
181511;Bund;Dechant-Röper-Straße;;;;;;;;;;;;;;;;;
183260;Kein Bedarf - bereits Glas;Alexander-Pfänder-Weg;;;;;;;;;;;;;;;;;
184263;Land;Gertrudisstr.;;;;;;;;;;;;;;;;;
184445;Land;Bonhoefferstr. ;;;;;;;;;;;;;;;;;
185000;Land;Parkstr.;;;;;;;;;;;;;;;;;
185851;Bund;Parkstr.;;;;;;;;;;;;;;;;;
187598;Land;Obertinsberger Str.;;;;;;;;;;;;;;;;;
188815;Land;Paulmannshöher Straße;;;;;;;;;;;;;;;;;
188943;Bund;Edmund-Weller-Straße;;;;;;;;;;;;;;;;;
189560;Bund;Eulenweg;;;;;;;;;;;;;;;;;
189571;Bund;Langerfeldstr. ;;;;;;;;;;;;;;;;;
189728;Bund;Dannenbergstr.;;;;;;;;;;;;;;;;;
190196;Bund;Schützenstraße;;;;;;;;;;;;;;;;;
190676;Bund;Stadionstr. ;;;;;;;;;;;;;;;;;
190731;Bund;Bundhnstraße;;;;;;;;;;;;;;;;;
192065;Bund;Am SchäferLand;;;;;;;;;;;;;;;;;
192510;Bund;Erlen;;;;;;;;;;;;;;;;;
192673;Bund;Kalkofen;;;;;;;;;;;;;;;;;
193112;Bund;Robert-Leusmann-Str.;;;;;;;;;;;;;;;;;
193161;Kein Bedarf - bereits Glas;Fuelbecker Str.;;;;;;;;;;;;;;;;;
193574;Kein Bedarf - bereits Glas;Schulzentrum Rothenstein;;;;;;;;;;;;;;;;;
193926;Bund;Am SchäferLand;;;;;;;;;;;;;;;;;
194128;Land;Iserlohner Straße;;;;;;;;;;;;;;;;;
194359;Bund;Remmelshagen;;;;;;;;;;;;;;;;;
195704;Bund;Parkstr.;;;;;;;;;;;;;;;;;
196356;Kein Bedarf - bereits Glas;Niederheide;;;;;;;;;;;;;;;;;
197063;Bund;Holensiepen;;;;;;;;;;;;;;;;;
197312;Bund;Windthorststraße;;;;;;;;;;;;;;;;;
198080;Kein Bedarf - bereits Glas;Schulzentrum Rothenstein;;;;;;;;;;;;;;;;;
198407;Land;Schwitter Weg ;;;;;;;;;;;;;;;;;
198638;Kein Bedarf - bereits Glas;Löh;;;;;;;;;;;;;;;;;
199412;Bund;Humboldtstraße;;;;;;;;;;;;;;;;;
199436;Bund;Schleddenhofer Weg;;;;;;;;;;;;;;;;;
199631;Bund;Walramstr.;;;;;;;;;;;;;;;;;
184019;Bund;Am Bügel;;;;;;;;;;;;;;;;;
133401;Bund;Auf dem Blumenkampe;;;;;;;;;;;;;;;;;
148192;Bund;Berliner Str.;;;;;;;;;;;;;;;;;
130424;Bund;Blücherstr.;;;;;;;;;;;;;;;;;
198808;Bund;Elbersstiege;;;;;;;;;;;;;;;;;
188580;Land;Enneper Straße ;;;;;;;;;;;;;;;;;
169511;Bund;Ennepeufer;;;;;;;;;;;;;;;;;
185814;Bund;Ennepeufer;;;;;;;;;;;;;;;;;
157510;Bund;Eugen-Richter-Str.;;;;;;;;;;;;;;;;;
199217;Land;Eugen-Richter-Str.;;;;;;;;;;;;;;;;;
185371;Bund;Franzstr.;;;;;;;;;;;;;;;;;
130412;Land;Fraunhoferstraße;;;;;;;;;;;;;;;;;
198791;Bund;Friedensstr.;;;;;;;;;;;;;;;;;
130370;Land;Funckestr.;;;;;;;;;;;;;;;;;
130369;Land;Gabelsbergerstraße;;;;;;;;;;;;;;;;;
169468;Bund;Goldbergstr.;;;;;;;;;;;;;;;;;
130436;Land;Grünstraße;;;;;;;;;;;;;;;;;
193380;Land;Hammerstr;;;;;;;;;;;;;;;;;
133218;Bund;Heideschulweg;;;;;;;;;;;;;;;;;
169470;Bund;Heinitzstr.;;;;;;;;;;;;;;;;;
130357;Land;Heinrichstr.;;;;;;;;;;;;;;;;;
130345;Land;Helfer Straße;;;;;;;;;;;;;;;;;
169481;Bund;Humpertstraße;;;;;;;;;;;;;;;;;
163351;Bund;Im Kley;;;;;;;;;;;;;;;;;
148258;Land;Kapellenstr.;;;;;;;;;;;;;;;;;
157491;Bund;Kapellenstr.;;;;;;;;;;;;;;;;;
162930;Bund;Kapellenstr.;;;;;;;;;;;;;;;;;
130308;Bund;Karl-Ernst-Osthaus-Str.;;;;;;;;;;;;;;;;;
133255;Bund;Kiebitzweg;;;;;;;;;;;;;;;;;
130187;Land;Kirchstr. ;;;;;;;;;;;;;;;;;
189170;Bund;Kirmesplatz;;;;;;;;;;;;;;;;;
162929;Bund;Kurze Str.;;;;;;;;;;;;;;;;;
180490;Bund;Letmather Str.;;;;;;;;;;;;;;;;;
180440;Bund;Liebigstraße;;;;;;;;;;;;;;;;;
130229;Land;Lindenstraße;;;;;;;;;;;;;;;;;
130333;Land;Lützowstr.;;;;;;;;;;;;;;;;;
194530;Bund;Lützowstr.;;;;;;;;;;;;;;;;;
197403;Land;Lützowstr.;;;;;;;;;;;;;;;;;
197415;Land;Lützowstr.;;;;;;;;;;;;;;;;;
133231;Bund;Neuer Schloßweg;;;;;;;;;;;;;;;;;
183696;Bund;Obernahmerstr.;;;;;;;;;;;;;;;;;
130175;Land;Overbergstr.;;;;;;;;;;;;;;;;;
130230;Land;Overbergstr.;;;;;;;;;;;;;;;;;
132676;Bund;Ribbertstraße;;;;;;;;;;;;;;;;;
130382;Land;Schillerstr.;;;;;;;;;;;;;;;;;
130278;Land;Schlesierstraße;;;;;;;;;;;;;;;;;
130310;Land;Schulstraße;;;;;;;;;;;;;;;;;
188001;Bund;Schwelmstück;;;;;;;;;;;;;;;;;
130254;Land;Schwerter Str.;;;;;;;;;;;;;;;;;
130291;Land;Selbecker Str. ;;;;;;;;;;;;;;;;;
130321;Bund;Siemensstraße;;;;;;;;;;;;;;;;;
180452;Bund;Springmannstraße;;;;;;;;;;;;;;;;;
130217;Land;Stadionstr.;;;;;;;;;;;;;;;;;
188920;Land;Stadionstr.;;;;;;;;;;;;;;;;;
130242;Land;Twittingstraße;;;;;;;;;;;;;;;;;
180439;Bund;Viktoriastraße ;;;;;;;;;;;;;;;;;
180464;Bund;Viktoriastraße ;;;;;;;;;;;;;;;;;
180506;Bund;Viktoriastraße ;;;;;;;;;;;;;;;;;
169523;Bund;Voswinckelstr.;;;;;;;;;;;;;;;;;
149597;Bund;Wachtelweg;;;;;;;;;;;;;;;;;
185279;Land;Weizenkamp;;;;;;;;;;;;;;;;;
170021;Bund;Wiesenstr.;;;;;;;;;;;;;;;;;
189984;Bund;Wörthstraße;;;;;;;;;;;;;;;;;
169493;Land;Zehlendorfer Straße;;;;;;;;;;;;;;;;;
180490;Bund;Gasstraße;;;;;;;;;;;;;;;;;
180440;Land;Eickertstraße;;;;;;;;;;;;;;;;;
133255;Land;Schälker Landaße;;;;;;;;;;;;;;;;;
185814;Land;Büddingstraße;;;;;;;;;;;;;;;;;
183696;Land;Oeger Straße;;;;;;;;;;;;;;;;;
183696;Land;Selbecker Straße;;;;;;;;;;;;;;;;;
130229;Land;Lindenstraße;;;;;;;;;;;;;;;;;
130310;Land;Franzstraße;;;;;;;;;;;;;;;;;
130291;Land;Delsterner Straße;;;;;;;;;;;;;;;;;
130333;Land;Berchumer Straße;;;;;;;;;;;;;;;;;
130333;Land;Berchumer Straße;;;;;;;;;;;;;;;;;
148155;Land;Vossacker;;;;;;;;;;;;;;;;;
100022;Bund;Schützenstr. 12;;;;;;;;;;;;;;;;;
100022;Bund;Schulstraße 3;;;;;;;;;;;;;;;;;
124825;Land;Franziskusstr. 4;;;;;;;;;;;;;;;;;
131854;Land;Klosterstraße 12;;;;;;;;;;;;;;;;;
131866;Land;Sauerstraße 3-5;;;;;;;;;;;;;;;;;
131866;Land;Birkenpfad 10;;;;;;;;;;;;;;;;;
131878;Land;Alter Soestweg 36;;;;;;;;;;;;;;;;;
131878;Land;Zur Friedrichshöhe 28;;;;;;;;;;;;;;;;;
131880;Land;Sauerstraße 1;;;;;;;;;;;;;;;;;
131891;Land;Eschenstraße 4;;;;;;;;;;;;;;;;;
131910;Land;Marktstraße 42;;;;;;;;;;;;;;;;;
131921;Land;Hochstraße 6;;;;;;;;;;;;;;;;;
131933;Land;Mendener Str 38;;;;;;;;;;;;;;;;;
131945;Land;Schulstraße 14;;;;;;;;;;;;;;;;;
131957;Land;Marienstraße 1;;;;;;;;;;;;;;;;;
132020;Land;Pestalozzistr. 3;;;;;;;;;;;;;;;;;
132020;Land;Bundesstr. 42;;;;;;;;;;;;;;;;;
132044;Land;Dinscheder Straße 8;;;;;;;;;;;;;;;;;
132068;Land;Rodentelgenstraße 28;;;;;;;;;;;;;;;;;
132081;Land;Schulstr. 12;;;;;;;;;;;;;;;;;
132093;Land;Heinrich-Knoche-Weg 3;;;;;;;;;;;;;;;;;
132093;Land;Böggenkamp 16;;;;;;;;;;;;;;;;;
132135;Land;St.-Hubertus-Platz 1;;;;;;;;;;;;;;;;;
132160;Land;Fuchswinkel 10;;;;;;;;;;;;;;;;;
132172;Land;Kaspar-Kellermann-Str. 4;;;;;;;;;;;;;;;;;
132202;Land;Am Wenne 8;;;;;;;;;;;;;;;;;
132214;Land;Grünewaldsraße 13;;;;;;;;;;;;;;;;;
132226;Land;Silmecke 23;;;;;;;;;;;;;;;;;
132226;Land;Kurfürstenstr. 6;;;;;;;;;;;;;;;;;
132299;Bund;Am Derkerer Tor 1;;;;;;;;;;;;;;;;;
132299;Land;Niedere Mauer 25;;;;;;;;;;;;;;;;;
132299;noch unbekannt;Niedere Mauer 25;;;;;;;;;;;;;;;;;
132299;Bund;Am Derkerer Tor 1;;;;;;;;;;;;;;;;;
132317;Land;Scharfenberger Str. 25;;;;;;;;;;;;;;;;;
132317;noch unbekannt;Scharfenberger Str. 25;;;;;;;;;;;;;;;;;
132342;Bund;Am Postteich 1;;;;;;;;;;;;;;;;;
132342;Land;Am Postteich 1;;;;;;;;;;;;;;;;;
132366;Land;Prozessionsweg 27;;;;;;;;;;;;;;;;;
132366;Bund;St.-Antonius-Str. 15;;;;;;;;;;;;;;;;;
132408;Land;Am Schwesternheim 3;;;;;;;;;;;;;;;;;
132410;Land;Schulstraße 18;;;;;;;;;;;;;;;;;
132433;Land;Am Istenberg 6-8;;;;;;;;;;;;;;;;;
132457;Bund;Grimmeweg 3;;;;;;;;;;;;;;;;;
132457;Land;Grimmeweg 3;;;;;;;;;;;;;;;;;
132470;Land;Elbersbach 12;;;;;;;;;;;;;;;;;
132524;Land;Zur Heide 3;;;;;;;;;;;;;;;;;
132550;Bund;Am Burghof 11;;;;;;;;;;;;;;;;;
132573;Bund;In der Ecke 5;;;;;;;;;;;;;;;;;
132573;Land;In der Ecke 5;;;;;;;;;;;;;;;;;
132640;Bund;Am Stemmel 9;;;;;;;;;;;;;;;;;
132640;Bund;Untere Bahnhofstraße 21;;;;;;;;;;;;;;;;;
132640;noch unbekannt;Untere Bahnhofstraße 21;;;;;;;;;;;;;;;;;
132640;Land;Heinrich-Jansen-Str. 23a;;;;;;;;;;;;;;;;;
132640;noch unbekannt;Heinrich-Jansen-Str. 23a;;;;;;;;;;;;;;;;;
132640;Land;Am Stemmel 9;;;;;;;;;;;;;;;;;
133930;Land;Johannisstr. 4;;;;;;;;;;;;;;;;;
133930;Land;Wehrstapler Str. 29;;;;;;;;;;;;;;;;;
133954;Land;Zum Kreuzberg 5;;;;;;;;;;;;;;;;;
133966;Land;Schulstraße 5;;;;;;;;;;;;;;;;;
133978;Land;Zum Ostenberg 1;;;;;;;;;;;;;;;;;
133980;Bund;Schulstraße 5;;;;;;;;;;;;;;;;;
133980;Land;Mescheder Straße 32;;;;;;;;;;;;;;;;;
133980;Land;Südstraße 9;;;;;;;;;;;;;;;;;
134028;Bund;Berghausen 2;;;;;;;;;;;;;;;;;
134028;Bund;Hauptstraße 3;;;;;;;;;;;;;;;;;
134030;Bund;Mutter-Teresa-Platz 4;;;;;;;;;;;;;;;;;
134065;Land;Schulstraße 3;;;;;;;;;;;;;;;;;
134089;Land;Herstweg 3;;;;;;;;;;;;;;;;;
134119;Land;von-Westpahlen-Str. 5;;;;;;;;;;;;;;;;;
134132;Land;Am Rautenschemm 20;;;;;;;;;;;;;;;;;
134132;Land;Ruegenbergstr. 89;;;;;;;;;;;;;;;;;
134156;Land;Latroper Straße 18;;;;;;;;;;;;;;;;;
134181;Bund;Zur Lüttmecke 3;;;;;;;;;;;;;;;;;
134211;Land;Ringstraße 18;;;;;;;;;;;;;;;;;
134211;Land;Kirchstraße 2;;;;;;;;;;;;;;;;;
149135;Bund;Schwester-Aicharda-Str. 14-16;;;;;;;;;;;;;;;;;
149172;Bund;Im Ohl 15;;;;;;;;;;;;;;;;;
149214;Bund;Berliner Str. 57;;;;;;;;;;;;;;;;;
149287;Bund;Senge-Platte-Str. 10;;;;;;;;;;;;;;;;;
149913;Bund;Schulstraße 7;;;;;;;;;;;;;;;;;
149949;Bund;Schederweg 57;;;;;;;;;;;;;;;;;
157818;Bund;Neuer Schulweg 11;;;;;;;;;;;;;;;;;
157892;Bund;Stadionstraße 5;;;;;;;;;;;;;;;;;
157922;Bund;Bredelarer Str. 33;;;;;;;;;;;;;;;;;
163211;Bund;Vogelbruch 7;;;;;;;;;;;;;;;;;
163247;Bund;Rotbuschweg 28;;;;;;;;;;;;;;;;;
163260;Bund;Schulstr. 18-20;;;;;;;;;;;;;;;;;
163480;Bund;Schulstraße 6;;;;;;;;;;;;;;;;;
163491;Bund;Leißestraße 3;;;;;;;;;;;;;;;;;
163510;Bund;Schederweg 59;;;;;;;;;;;;;;;;;
169833;Bund;Klosterstraße 26;;;;;;;;;;;;;;;;;
169845;Bund;Königstr.  36a;;;;;;;;;;;;;;;;;
169857;Bund;Engelbertstr. 43;;;;;;;;;;;;;;;;;
169894;Bund;Berliner Str. 55;;;;;;;;;;;;;;;;;
169912;Bund;Zur Jakobuslinde ;;;;;;;;;;;;;;;;;
169912;Bund;Zur Jakobuslinde 21;;;;;;;;;;;;;;;;;
169924;Bund;An Klocken Kapelle 18;;;;;;;;;;;;;;;;;
169924;Bund;Ursulinenstraße 24;;;;;;;;;;;;;;;;;
169948;Bund;Schöffenwiese 2;;;;;;;;;;;;;;;;;
170197;Bund;Schederweg 65;;;;;;;;;;;;;;;;;
170203;Bund;Klosterberg 7;;;;;;;;;;;;;;;;;
170215;Bund;Obringhauser Straße 38;;;;;;;;;;;;;;;;;
181122;Bund;Feauxweg 24;;;;;;;;;;;;;;;;;
181249;Bund;Zur Jakobuslinde 30;;;;;;;;;;;;;;;;;
181286;Bund;Paul-Oeventrop-Str. 7;;;;;;;;;;;;;;;;;
181286;Bund;Paul-Oeventrop-Str.;;;;;;;;;;;;;;;;;
181742;Bund;Bergkloster 1;;;;;;;;;;;;;;;;;
181808;Bund;Dünnefeldweg 5;;;;;;;;;;;;;;;;;
185048;Land;Königsbergstraße 1;;;;;;;;;;;;;;;;;
185530;Bund;Mariannhiller Weg 4;;;;;;;;;;;;;;;;;
185530;Bund;Mühlenweg 56;;;;;;;;;;;;;;;;;
188992;Bund;Pfarrer-Birker-Str. 3;;;;;;;;;;;;;;;;;
188992;Bund;Pfarrer-Birker-Str. 3;;;;;;;;;;;;;;;;;
190044;Bund;Berliner Platz 3;;;;;;;;;;;;;;;;;
191747;Bund;Schulstraße 5;;;;;;;;;;;;;;;;;
192284;Bund;Mühlenweg 56a;;;;;;;;;;;;;;;;;
194475;Bund;Zur Jakobuslinde 23;;;;;;;;;;;;;;;;;
194670;Bund;Berliner Platz 5;;;;;;;;;;;;;;;;;
195157;Land;Apothekerstr. 150;;;;;;;;;;;;;;;;;
196137;Bund;Berliner Platz  8-10;;;;;;;;;;;;;;;;;
197129;Bund;Zum Schulzentrum 1;;;;;;;;;;;;;;;;;
197129;Bund;Am Schwesternheim 5;;;;;;;;;;;;;;;;;
198018;Bund;Féauxweg 26-28;;;;;;;;;;;;;;;;;
198020;Bund;Graf-Galen-Straße 6;;;;;;;;;;;;;;;;;
198778;Bund;Steinweg 11;;;;;;;;;;;;;;;;;
198778;Land;Zur Jakobuslinde 19;;;;;;;;;;;;;;;;;
198778;noch unbekannt;Zur Jakobuslinde 19;;;;;;;;;;;;;;;;;
198778;Bund;Steinweg 11;;;;;;;;;;;;;;;;;
198833;Bund;Lillers-Str. 18;;;;;;;;;;;;;;;;;
198833;Land;Trift 33;;;;;;;;;;;;;;;;;
134727;Land;Jung-Stilling-Allee 10;;;;;;;;;;;;;;;;;
134739;Bund;Kindelsbergstr. 8;;;;;;;;;;;;;;;;;
134764;Bund;Friedhofstr. 1;;;;;;;;;;;;;;;;;
134764;Land;Wehrstraße 34;;;;;;;;;;;;;;;;;
134790;Land;Eiserntalstraße 520;;;;;;;;;;;;;;;;;
134790;Bund;Gilbergstr. 1;;;;;;;;;;;;;;;;;
134831;Land;Engsbachstr. 6;;;;;;;;;;;;;;;;;
134843;Bund;Am Nöchel 9;;;;;;;;;;;;;;;;;
134843;Bund;Breitscheidstr. 33;;;;;;;;;;;;;;;;;
134855;Land;Amselweg 14;;;;;;;;;;;;;;;;;
134867;Bund;Glückaufstr. 35;;;;;;;;;;;;;;;;;
134879;Land;Dahlienweg 2;;;;;;;;;;;;;;;;;
134892;Bund;Stockweg 85;;;;;;;;;;;;;;;;;
134909;Land;Schelderberg 41,;;;;;;;;;;;;;;;;;
134910;Land;Rosterstr. 41;;;;;;;;;;;;;;;;;
134922;Land;Westerwaldstr. 52;;;;;;;;;;;;;;;;;
134934;Land;Giersbergstr. 145;;;;;;;;;;;;;;;;;
134946;Land;Hauptstr. 77;;;;;;;;;;;;;;;;;
134960;Land;Gleiwitzer Str. 21;;;;;;;;;;;;;;;;;
134971;Land;Hans-Kruse-Str. 15;;;;;;;;;;;;;;;;;
134995;Land;Obenstruthstr. 14;;;;;;;;;;;;;;;;;
135008;Land;Nordstr. 30;;;;;;;;;;;;;;;;;
135033;noch unbekannt;Brückenstraße 1;;;;;;;;;;;;;;;;;
135033;Bund;Marktplatz 2/6;;;;;;;;;;;;;;;;;
135045;Land;Bühler Str. 11;;;;;;;;;;;;;;;;;
135057;noch unbekannt;Herrmann-Vomhof-Straße 3;;;;;;;;;;;;;;;;;
135069;noch unbekannt;Schulstraße 7;;;;;;;;;;;;;;;;;
135070;Bund;Am Kaltland 4;;;;;;;;;;;;;;;;;
135094;Bund;Alte Schulstraße 14;;;;;;;;;;;;;;;;;
135100;Bund;Adolf-Wurmbach-Str. 7;;;;;;;;;;;;;;;;;
135100;Bund;Schulstr. 5;;;;;;;;;;;;;;;;;
135112;Bund;Schulweg 4,;;;;;;;;;;;;;;;;;
135124;Land;Dr.-Stelbrink-Str. 14;;;;;;;;;;;;;;;;;
135136;Land;Dr.-Erich-Moning-Str. 17;;;;;;;;;;;;;;;;;
135148;Bund;Ziegeleifeld 8;;;;;;;;;;;;;;;;;
135161;Bund;Fasanenstraße 7;;;;;;;;;;;;;;;;;
135173;Bund;Schulweg 6;;;;;;;;;;;;;;;;;
135185;Land;Kölner Straße 221;;;;;;;;;;;;;;;;;
135197;noch unbekannt;Kirchweg 30;;;;;;;;;;;;;;;;;
135215;Land;Brauersdorfer Str. 33;;;;;;;;;;;;;;;;;
135215;Land;Frohnhausener Str. 1;;;;;;;;;;;;;;;;;
135240;noch unbekannt;Pestalozzistraße 11;;;;;;;;;;;;;;;;;
135264;Bund;Am Waldhang 6;;;;;;;;;;;;;;;;;
135264;Land;Im Storchennest 1;;;;;;;;;;;;;;;;;
135288;Bund;Vorm Brand 30;;;;;;;;;;;;;;;;;
135290;Bund;Jahnstr. 2;;;;;;;;;;;;;;;;;
135331;Land;Augraben 11;;;;;;;;;;;;;;;;;
135343;Land;Bürgerstr. 58;;;;;;;;;;;;;;;;;
136074;Land;Eichenweg 12;;;;;;;;;;;;;;;;;
136086;Land;Schüllarhammer 7;;;;;;;;;;;;;;;;;
136098;Land;Bahnhofstraße 35;;;;;;;;;;;;;;;;;
136098;noch unbekannt;Rainstraße 14;;;;;;;;;;;;;;;;;
136104;Land;An der Schule 6;;;;;;;;;;;;;;;;;
136128;Land;Zum Kinderzentrum 2;;;;;;;;;;;;;;;;;
136141;noch unbekannt;Eichenstraße 2;;;;;;;;;;;;;;;;;
136153;noch unbekannt;Unterm Heiligenberg 2;;;;;;;;;;;;;;;;;
136190;Bund;Schulstraße 12;;;;;;;;;;;;;;;;;
136207;Bund;Tannenwald 9;;;;;;;;;;;;;;;;;
150186;Land;Schießbergstr. 111;;;;;;;;;;;;;;;;;
150228;Land;Achenbacher Furt 7;;;;;;;;;;;;;;;;;
150368;Bund;Eichener Str. 127;;;;;;;;;;;;;;;;;
150477;Land;Dillenburger Str. 87;;;;;;;;;;;;;;;;;
150800;Bund;Hermann-Böttger-Weg 7;;;;;;;;;;;;;;;;;
158276;noch unbekannt;Westerwaldstr. 50;;;;;;;;;;;;;;;;;
158276;noch unbekannt;Büscher Straße 4;;;;;;;;;;;;;;;;;
158318;Bund;Siepenstr. 19;;;;;;;;;;;;;;;;;
158319;Bund;Gennernbach 13;;;;;;;;;;;;;;;;;
163582;noch unbekannt;Höllenwaldstr. 100;;;;;;;;;;;;;;;;;
163594;noch unbekannt;Schießbergstr. 103;;;;;;;;;;;;;;;;;
163600;Bund;Burgstr. 14;;;;;;;;;;;;;;;;;
163612;Land;Dr. Ernst-Str. 19;;;;;;;;;;;;;;;;;
163648;Bund;Hessengarten 13;;;;;;;;;;;;;;;;;
163776;Bund;Hermann-Böttger-Weg 9;;;;;;;;;;;;;;;;;
164094;Bund;An der Sommerseite 30;;;;;;;;;;;;;;;;;
170290;Bund;Stift-Keppel-Weg 37;;;;;;;;;;;;;;;;;
170306;Bund;Höllenwaldstr. 100;;;;;;;;;;;;;;;;;
170318;Bund;Im Tiergarten 5-7;;;;;;;;;;;;;;;;;
170320;Bund;Ferndorfstr. 10;;;;;;;;;;;;;;;;;
170331;Bund;Oranienstr. 27;;;;;;;;;;;;;;;;;
170343;Bund;Rosterstr. 143;;;;;;;;;;;;;;;;;
170367;Bund;Zum Erbstollen 5;;;;;;;;;;;;;;;;;
170379;Bund;Kopernikusring 100;;;;;;;;;;;;;;;;;
170483;Bund;Im Herrengarten 11;;;;;;;;;;;;;;;;;
170501;Bund;Steinackerstraße 10;;;;;;;;;;;;;;;;;
181948;Bund;Fischbacherbergstraße 2;;;;;;;;;;;;;;;;;
181973;Bund;Am Stadtwald 27;;;;;;;;;;;;;;;;;
181985;Bund;Fischbacherbergstraße 17;;;;;;;;;;;;;;;;;
182278;noch unbekannt;Am Breitenbach 1;;;;;;;;;;;;;;;;;
184457;Bund;Augraben 9;;;;;;;;;;;;;;;;;
187641;Bund;Kolpingstr. 3;;;;;;;;;;;;;;;;;
189248;Bund;Poststraße 5a;;;;;;;;;;;;;;;;;
190019;noch unbekannt;Giersbergstr. 145;;;;;;;;;;;;;;;;;
190019;Bund;Kolpingstr. 35;;;;;;;;;;;;;;;;;
190615;Bund;Haardtstraße 35;;;;;;;;;;;;;;;;;
190639;Bund;Hoheroth 94;;;;;;;;;;;;;;;;;
190639;noch unbekannt;Rudersdorfer Str. 44;;;;;;;;;;;;;;;;;
191036;Bund;Am Hengsberg 20;;;;;;;;;;;;;;;;;
191036;Bund;Talsbachstr. 33;;;;;;;;;;;;;;;;;
191050;Land;Brunkelpfad 1;;;;;;;;;;;;;;;;;
191826;Bund;Djurslandweg 2;;;;;;;;;;;;;;;;;
193045;Bund;Numbachstr. 3;;;;;;;;;;;;;;;;;
193598;Bund;Schulstraße 17;;;;;;;;;;;;;;;;;
193598;Land;Vor der Hub 2;;;;;;;;;;;;;;;;;
193690;Bund;Augärtenstr. 15;;;;;;;;;;;;;;;;;
194839;Bund;Jung-Stilling-Allee 8;;;;;;;;;;;;;;;;;
197014;Bund;Steinweg 22;;;;;;;;;;;;;;;;;
198110;noch unbekannt;Herrmann-Vomhof-Straße 9;;;;;;;;;;;;;;;;;
199667;Bund;Stift-Keppel-Weg 16;;;;;;;;;;;;;;;;;
199795;Bund;Am Kirchweg 1;;;;;;;;;;;;;;;;;
199795;Bund;Killingstraße 10;;;;;;;;;;;;;;;;;
199813;Bund;Schießbergstr. 111;;;;;;;;;;;;;;;;;
163650;Bund;Am Porzhain 25;;;;;;;;;;;;;;;;;
121496;Bund;Stockumer Str. 99;;;;;;;;;;;;;;;;;
121526;Bund;Uhlandstr. 13;;;;;;;;;;;;;;;;;
121599;Bund;Matthias-Claudius-Str. 9;;;;;;;;;;;;;;;;;
121605;Bund;Albert-Schweitzer-Str. 2;;;;;;;;;;;;;;;;;
121629;Bund;Schulstr. 54;;;;;;;;;;;;;;;;;
121630;Bund;Matthias-Claudius-Str. 9;;;;;;;;;;;;;;;;;
121654;Bund;Waltroper Str. 17 ;;;;;;;;;;;;;;;;;
121680;Bund;Alter Kirchplatz 8;;;;;;;;;;;;;;;;;
121708;Land;Kirchstr. 9;;;;;;;;;;;;;;;;;
130849;Bund;Diesterwegstr. 20;;;;;;;;;;;;;;;;;
130850;Bund;Bismarkstr. 1;;;;;;;;;;;;;;;;;
130850;Bund;Virchowstr. 75;;;;;;;;;;;;;;;;;
130862;Bund;Görresstr. 12;;;;;;;;;;;;;;;;;
130862;Bund;Weißenburger Str. 25;;;;;;;;;;;;;;;;;
130874;Bund;Augustastr. 1;;;;;;;;;;;;;;;;;
130886;Bund;Zum Karrenbusch 1;;;;;;;;;;;;;;;;;
130898;Bund;Huberstr. 3;;;;;;;;;;;;;;;;;
130904;Bund;Kreisstr. 10;;;;;;;;;;;;;;;;;
130904;Bund;Querstr. 25;;;;;;;;;;;;;;;;;
133358;Land;Eintrachtstraße 10;;;;;;;;;;;;;;;;;
133360;Eigenwirtschaftlich;Am Lenningskamp 2;;;;;;;;;;;;;;;;;
133383;Land;Heidestraße 77;;;;;;;;;;;;;;;;;
133413;Land;Am Derkmannsstück 29;;;;;;;;;;;;;;;;;
133620;Eigenwirtschaftlich;Schulstraße 12;;;;;;;;;;;;;;;;;
133644;Land;Meinerweg 8;;;;;;;;;;;;;;;;;
135604;Land;In der Kaiserau 29;;;;;;;;;;;;;;;;;
135616;Bund;Hammer Str. 21;;;;;;;;;;;;;;;;;
135630;Land;Südkamener Str. 62;;;;;;;;;;;;;;;;;
135641;noch unbekannt;Schwesterngang 8;;;;;;;;;;;;;;;;;
135653;Land;Westfälische Str. 23;;;;;;;;;;;;;;;;;
135665;Bund;Weddinghofer Str. 97;;;;;;;;;;;;;;;;;
135677;Land;Heimstr. 28;;;;;;;;;;;;;;;;;
135690;Eigenwirtschaftlich;Lünerner Schulstr.13;;;;;;;;;;;;;;;;;
135707;Eigenwirtschaftlich;Friedhofstr.2;;;;;;;;;;;;;;;;;
135719;Eigenwirtschaftlich;Falkstr.5;;;;;;;;;;;;;;;;;
135720;Eigenwirtschaftlich;Karlstr.15;;;;;;;;;;;;;;;;;
135732;Eigenwirtschaftlich;Massener Hellweg 7a;;;;;;;;;;;;;;;;;
135744;Eigenwirtschaftlich;Dahlienstr.5;;;;;;;;;;;;;;;;;
135756;Eigenwirtschaftlich;Bornekampstr.1;;;;;;;;;;;;;;;;;
135768;Eigenwirtschaftlich;Friedrich-Ebert-Str.113;;;;;;;;;;;;;;;;;
135770;Eigenwirtschaftlich;Nordring 30;;;;;;;;;;;;;;;;;
135781;Eigenwirtschaftlich;Zum Osterfeld 9;;;;;;;;;;;;;;;;;
135793;Land;Am Friedrichsberg 33;;;;;;;;;;;;;;;;;
135823;Land;Bambergstr. 79;;;;;;;;;;;;;;;;;
135835;noch unbekannt;Rünther Str. 100;;;;;;;;;;;;;;;;;
135847;Land;Hermannstr. 5;;;;;;;;;;;;;;;;;
135859;Land;Alisostrasse 50;;;;;;;;;;;;;;;;;
135860;Land;Kamer Heide 49;;;;;;;;;;;;;;;;;
135872;Bund;Pfalzstr. 90;;;;;;;;;;;;;;;;;
135884;Land;Friedhofstraße 13;;;;;;;;;;;;;;;;;
135896;Land;Overbergstraße 18;;;;;;;;;;;;;;;;;
135902;Land;Sonnenbergstraße 18;;;;;;;;;;;;;;;;;
135926;Bund;Wolfgang-Fräger-Str. 1;;;;;;;;;;;;;;;;;
135938;Bund;Weetfelder Str. 1;;;;;;;;;;;;;;;;;
135951;Land;Nordstraße 54;;;;;;;;;;;;;;;;;
135963;Bund;Schulstraße 8;;;;;;;;;;;;;;;;;
135975;Land;Hauptstraße 64;;;;;;;;;;;;;;;;;
135987;Land;Im Hof 2;;;;;;;;;;;;;;;;;
148532;Bund;Friedhofstr. 4;;;;;;;;;;;;;;;;;
148544;Bund;Bebelstr. 54;;;;;;;;;;;;;;;;;
150721;Bund;Woortstr. 110;;;;;;;;;;;;;;;;;
150733;Bund;Opherdicker Straße 44;;;;;;;;;;;;;;;;;
158458;noch unbekannt;Westfalenweg 9;;;;;;;;;;;;;;;;;
163028;Bund;Rudolph-Nagell-Str. 23;;;;;;;;;;;;;;;;;
163030;Bund;Brechtener Str. 63;;;;;;;;;;;;;;;;;
163041;Bund;Preußenstr. 170;;;;;;;;;;;;;;;;;
163715;noch unbekannt;Königsborner Str.12;;;;;;;;;;;;;;;;;
163727;Bund;Hochstr. 54 a;;;;;;;;;;;;;;;;;
163739;Bund;Pantenweg 12;;;;;;;;;;;;;;;;;
163740;Bund;Billy-Montigny-Pl. 5;;;;;;;;;;;;;;;;;
164290;Eigenwirtschaftlich;Im Wiesengrund 7;;;;;;;;;;;;;;;;;
168178;Bund;Goetheweg 12;;;;;;;;;;;;;;;;;
168180;Bund;Rudolph-Nagell-Str. 21;;;;;;;;;;;;;;;;;
169663;Bund;Friedenstr. 12;;;;;;;;;;;;;;;;;
170070;Eigenwirtschaftlich;Ostberger Straße 17;;;;;;;;;;;;;;;;;
170082;Eigenwirtschaftlich;Wittekindstraße 6;;;;;;;;;;;;;;;;;
170434;Bund;Hammer Str. 19;;;;;;;;;;;;;;;;;
170446;Eigenwirtschaftlich;Palaiseaustr.2;;;;;;;;;;;;;;;;;
170458;Eigenwirtschaftlich;Seminarstr.4;;;;;;;;;;;;;;;;;
170460;Eigenwirtschaftlich;Morgenstr.47;;;;;;;;;;;;;;;;;
170471;Bund;Hubert-Biernat-Str. 1;;;;;;;;;;;;;;;;;
186119;Bund;Auf dem Kelm 19;;;;;;;;;;;;;;;;;
186508;Eigenwirtschaftlich;Wittekindstraße 20;;;;;;;;;;;;;;;;;
187288;Eigenwirtschaftlich;Königsborner Str.12;;;;;;;;;;;;;;;;;
187343;Eigenwirtschaftlich;Liedbachstr.52;;;;;;;;;;;;;;;;;
188517;Bund;Holtgrevenstr. 2;;;;;;;;;;;;;;;;;
189133;Eigenwirtschaftlich;Herderstr.16;;;;;;;;;;;;;;;;;
190032;noch unbekannt;Am Friedrichsberg 33;;;;;;;;;;;;;;;;;
190275;Bund;Kreisstraße 4;;;;;;;;;;;;;;;;;
190469;Eigenwirtschaftlich;Morgenstr.47;;;;;;;;;;;;;;;;;
190986;Bund;Dammwiese 8;;;;;;;;;;;;;;;;;
191190;Eigenwirtschaftlich;Grünstraße 70;;;;;;;;;;;;;;;;;
191218;Bund;Kreisstraße 4;;;;;;;;;;;;;;;;;
191231;Eigenwirtschaftlich;Döbelnerstr.7;;;;;;;;;;;;;;;;;
192168;Bund;Opherdicker Straße 44;;;;;;;;;;;;;;;;;
194130;Bund;Billy-Montigny-Pl. 5;;;;;;;;;;;;;;;;;
194487;Bund;Gutenbergstr. 2;;;;;;;;;;;;;;;;;
194566;Bund;Am Koppelteich 16;;;;;;;;;;;;;;;;;
194578;Bund;Gutenbergstr. 2;;;;;;;;;;;;;;;;;
197130;Bund;Bahnhofstr. 1;;;;;;;;;;;;;;;;;
198870;Bund;Südkirchener Str. 16;;;;;;;;;;;;;;;;;
199825;Eigenwirtschaftlich;Holzener Weg 22-24;;;;;;;;;;;;;;;;;
100014;Bund;Jean-Vogel-Str. 36;;;;;;;;;;;;;;;;;
130576;Land;Bergstr. 13;;;;;;;;;;;;;;;;;
130588;Bund;Vellwigstr. 28;;;;;;;;;;;;;;;;;
130618;Land;Max-Wiethoff-Str. 14a ;;;;;;;;;;;;;;;;;
130643;Land;Forellstr. 26 a;;;;;;;;;;;;;;;;;
130679;Land;Ohmstr. 2 ;;;;;;;;;;;;;;;;;
130680;Bund;Eberhard-Wildermuth-Str. 43;;;;;;;;;;;;;;;;;
130722;Bund;Neustr. 16;;;;;;;;;;;;;;;;;
130734;Land;Börsinghauser Str. 64;;;;;;;;;;;;;;;;;
130977;Bund;Reichsstr. 44;;;;;;;;;;;;;;;;;
130989;Land;Steinstr. 17;;;;;;;;;;;;;;;;;
130990;Land;Rottbruchstr. 10;;;;;;;;;;;;;;;;;
131003;Land;Richardstr. 6;;;;;;;;;;;;;;;;;
131015;Land;Plutostr. 115;;;;;;;;;;;;;;;;;
131027;Land;Gahlenstr. 5 ;;;;;;;;;;;;;;;;;
131039;Bund;Claudiusstr. 88;;;;;;;;;;;;;;;;;
131040;Bund;Michaelstr. 16;;;;;;;;;;;;;;;;;
131052;Land;Königstr. 25;;;;;;;;;;;;;;;;;
131064;Bund;Stöckstr. 113;;;;;;;;;;;;;;;;;
148453;Bund;Edmund-Weber-Str. 127;;;;;;;;;;;;;;;;;
157648;Land;Königstr. 72;;;;;;;;;;;;;;;;;
157650;Bund;Schwalbenweg 19;;;;;;;;;;;;;;;;;
169675;Eigenwirtschaftlich;Gerichtsstr. 9;;;;;;;;;;;;;;;;;
162991;Bund;Castroper Str. 251;;;;;;;;;;;;;;;;;
163004;Eigenwirtschaftlich;Bismarckstr. 41;;;;;;;;;;;;;;;;;
163053;Bund;Semlerstr. 4;;;;;;;;;;;;;;;;;
163065;Eigenwirtschaftlich;Burgstr. 71;;;;;;;;;;;;;;;;;
169602;Eigenwirtschaftlich;Hermann-Löns-Str. 58;;;;;;;;;;;;;;;;;
169614;Eigenwirtschaftlich;Harpener Weg 6;;;;;;;;;;;;;;;;;
169626;Bund;Hölkeskampring 168;;;;;;;;;;;;;;;;;
169687;Eigenwirtschaftlich;Gabelsbergerstr. 22;;;;;;;;;;;;;;;;;
180658;Kein Bedarf - bereits Glas;Westring 201;;;;;;;;;;;;;;;;;
180804;Kein Bedarf - bereits Glas;Steinstr. 22;;;;;;;;;;;;;;;;;
184524;Land;Bergstr. 93 b;;;;;;;;;;;;;;;;;
186685;Bund;Schillerstr. 51;;;;;;;;;;;;;;;;;
186740;Eigenwirtschaftlich;Stöckstr. 41;;;;;;;;;;;;;;;;;
188256;Bund;Eberhard-Wildermuth-Str. 43;;;;;;;;;;;;;;;;;
188256;Land;Grüner Weg 14;;;;;;;;;;;;;;;;;
188748;Land;Mont-Cenis-Str. 180;;;;;;;;;;;;;;;;;
189339;Land;Grabenstr. 14;;;;;;;;;;;;;;;;;
189339;Land;Horstr. 14;;;;;;;;;;;;;;;;;
196540;Land;Jürgens Hof 61;;;;;;;;;;;;;;;;;
132287;Land;Johannesplatz 10;;;;;;;;;;;;;;;;;
132287;Bund;Schwarzer Weg 25;;;;;;;;;;;;;;;;;
133668;Land;Auf den Strickern 28;;;;;;;;;;;;;;;;;
133670;Land;Ostmauer 2-4;;;;;;;;;;;;;;;;;
133681;Bund;Am Freistuhl 8;;;;;;;;;;;;;;;;;
133700;Land;Am Weinberg 60;;;;;;;;;;;;;;;;;
133700;Bund;Friedrichstr. 16;;;;;;;;;;;;;;;;;
133711;Land;St.-Hedwig-Straße 44;;;;;;;;;;;;;;;;;
133723;Bund;Ulmenstraße 35;;;;;;;;;;;;;;;;;
133735;Bund;Bökenförder Str. 12-14;;;;;;;;;;;;;;;;;
133747;Bund;Ostendorfallee 3;;;;;;;;;;;;;;;;;
133760;Land;Cappeler Stiftsallee 16;;;;;;;;;;;;;;;;;
133765;Land;Parkstr. 19;;;;;;;;;;;;;;;;;
133772;Land;Richthofenstraße 21;;;;;;;;;;;;;;;;;
133772;Land;Schulstraße 10;;;;;;;;;;;;;;;;;
133784;Bund;Kapellenweg 10;;;;;;;;;;;;;;;;;
133784;Bund;Schulstraße 3;;;;;;;;;;;;;;;;;
133802;Land;Im Brühl 29;;;;;;;;;;;;;;;;;
133814;Bund;Graf-Landsberg-Straße 36;;;;;;;;;;;;;;;;;
133863;Land;Luziastraße 6;;;;;;;;;;;;;;;;;
133875;Land;Kirchstraße 27;;;;;;;;;;;;;;;;;
133875;Land;Schulstraße 9;;;;;;;;;;;;;;;;;
133899;Land;Heinrich-Droste-Straße 2;;;;;;;;;;;;;;;;;
133899;Bund;Kleefeld 5;;;;;;;;;;;;;;;;;
133917;Bund;Albert-Brand-Str. 1;;;;;;;;;;;;;;;;;
135355;Land;Bernhardusplatz 6;;;;;;;;;;;;;;;;;
135367;Land;Am Gelke 17;;;;;;;;;;;;;;;;;
135379;Land;Auf den Kreuzen 11;;;;;;;;;;;;;;;;;
135380;Land;Schulstraße 7;;;;;;;;;;;;;;;;;
135392;Land;Lippstädter Str. 29;;;;;;;;;;;;;;;;;
135409;Land;Ludgeristraße 5;;;;;;;;;;;;;;;;;
135434;Land;Hangstraße 4;;;;;;;;;;;;;;;;;
135434;Land;Hospitalstraße 14;;;;;;;;;;;;;;;;;
135434;Land;Schulweg 2;;;;;;;;;;;;;;;;;
135446;Bund;Zur Sälzerschule 48;;;;;;;;;;;;;;;;;
135458;Land;Am Hellweg 15;;;;;;;;;;;;;;;;;
135460;Land;Hamburger Str. 29;;;;;;;;;;;;;;;;;
135471;Land;Schonekindstr. 17;;;;;;;;;;;;;;;;;
135483;Land;Oelmüllerweg 29;;;;;;;;;;;;;;;;;
135495;Land;Im Tabrock 18;;;;;;;;;;;;;;;;;
135501;Land;Niederbergheimer Str. 40;;;;;;;;;;;;;;;;;
135513;Land;Bördestr. 74;;;;;;;;;;;;;;;;;
135525;Bund;Im Hagen 19;;;;;;;;;;;;;;;;;
135537;Bund;Paul-Gerhardt-Straße 17;;;;;;;;;;;;;;;;;
135549;Land;Westönner Kirchstraße 7;;;;;;;;;;;;;;;;;
135550;Land;Kunibertstraße 17;;;;;;;;;;;;;;;;;
135562;Land;Langenwiedenweg 18;;;;;;;;;;;;;;;;;
135586;Land;Friedhofstraße 4;;;;;;;;;;;;;;;;;
135598;Land;Kirchstraße 49;;;;;;;;;;;;;;;;;
149238;Bund;Pietrapaola-Platz 4;;;;;;;;;;;;;;;;;
149792;Bund;Landsberger Str. 9;;;;;;;;;;;;;;;;;
150502;noch unbekannt;Müllingser Weg 31;;;;;;;;;;;;;;;;;
151622;Land;Dorfstraße 35;;;;;;;;;;;;;;;;;
151634;Bund;Ordensritterweg 17;;;;;;;;;;;;;;;;;
151660;Bund;Schulstraße 3;;;;;;;;;;;;;;;;;
157855;Land;Mönchlandstraße 13;;;;;;;;;;;;;;;;;
158136;Bund;Johannes-Westermann-Platz 8;;;;;;;;;;;;;;;;;
158331;Land;Hattroper Weg 70;;;;;;;;;;;;;;;;;
158355;Bund;Vor dem Schültingertor 57;;;;;;;;;;;;;;;;;
158379;Bund;Friedrich-Bertram-Weg 8;;;;;;;;;;;;;;;;;
163259;Bund;Pietrapaola-Platz 4;;;;;;;;;;;;;;;;;
163430;Bund;Dusternweg 16;;;;;;;;;;;;;;;;;
163442;Bund;Dusternweg 18;;;;;;;;;;;;;;;;;
163454;Bund;Sandstr. 7;;;;;;;;;;;;;;;;;
163685;Bund;Paradieser Weg 20;;;;;;;;;;;;;;;;;
163697;Bund;Neuerstraße 11;;;;;;;;;;;;;;;;;
169900;Bund;Schorenweg 9;;;;;;;;;;;;;;;;;
170112;Bund;Wichburgastr. 1;;;;;;;;;;;;;;;;;
170124;Bund;Beckumer Straße 61;;;;;;;;;;;;;;;;;
170148;Bund;Cappeltor 5;;;;;;;;;;;;;;;;;
170150;Bund;Glasmerweg 12;;;;;;;;;;;;;;;;;
170161;Bund;Schloßgraben 17 - 19;;;;;;;;;;;;;;;;;
170173;Bund;Lippstädter Straße 8;;;;;;;;;;;;;;;;;
170380;Bund;Burghofstr. 20;;;;;;;;;;;;;;;;;
170392;Bund;Paradieser Weg 92;;;;;;;;;;;;;;;;;
170409;Bund;Niederbergheimer Str. 9;;;;;;;;;;;;;;;;;
170410;Bund;Am Breisgraben 2;;;;;;;;;;;;;;;;;
170422;Bund;Schloßstraße 5;;;;;;;;;;;;;;;;;
181640;Bund;Ostlandstraße 13;;;;;;;;;;;;;;;;;
181663;Bund;Otto-Hahn-Str. 25;;;;;;;;;;;;;;;;;
182140;Bund;Geschwister-Scholl-Str. 1;;;;;;;;;;;;;;;;;
182151;Bund;Hattroper Weg 55;;;;;;;;;;;;;;;;;
183052;Bund;Ostendorfallee 1;;;;;;;;;;;;;;;;;
185905;Bund;Holzstraße 25;;;;;;;;;;;;;;;;;
187045;Land;Cappeler Stiftsallee 6;;;;;;;;;;;;;;;;;
187537;Bund;Hattroper Weg 16;;;;;;;;;;;;;;;;;
188578;Bund;Paradieser Weg 92;;;;;;;;;;;;;;;;;
188931;Bund;Schützenstraße 10;;;;;;;;;;;;;;;;;
190159;Bund;Vor dem Schültingertor 61;;;;;;;;;;;;;;;;;
192200;Bund;Antoniusstr. 60;;;;;;;;;;;;;;;;;
192387;Bund;Lütgenweg 2;;;;;;;;;;;;;;;;;
192429;Bund;Kaiser-Otto-Weg 13;;;;;;;;;;;;;;;;;
192776;Bund;Canadischer Weg 16;;;;;;;;;;;;;;;;;
192910;Bund;Buchenweg 30;;;;;;;;;;;;;;;;;
193185;Bund;St.-Hedwig-Straße 24;;;;;;;;;;;;;;;;;
193483;Bund;Lindenallee 9;;;;;;;;;;;;;;;;;
194220;Bund;Wisbyring 13;;;;;;;;;;;;;;;;;
194396;Bund;Südstraße 18;;;;;;;;;;;;;;;;;
194694;Bund;Paul-Gerhardt-Straße 20;;;;;;;;;;;;;;;;;
195303;noch unbekannt;Steinhauser Str. 8;;;;;;;;;;;;;;;;;
195868;Land;Steinhauser Str. 8;;;;;;;;;;;;;;;;;
195960;Bund;Ulmenstraße 31;;;;;;;;;;;;;;;;;
196976;Bund;Im Hagen 1;;;;;;;;;;;;;;;;;
197038;Bund;Kucklermühlenweg 43;;;;;;;;;;;;;;;;;
197051;Land;Ludgerusstraße 1;;;;;;;;;;;;;;;;;
198067;Bund;Auf den Strickern 30;;;;;;;;;;;;;;;;;
198328;Bund;Zur Hepper Höhe 4;;;;;;;;;;;;;;;;;
198780;Bund;Willi-Eickenbusch-Str. 3;;;;;;;;;;;;;;;;;
198857;Bund;Hospitalstraße 7;;;;;;;;;;;;;;;;;
198882;Bund;Pietrapaola-Platz 4;;;;;;;;;;;;;;;;;
199102;Bund;Schlangenpfad 15;;;;;;;;;;;;;;;;;
199450;Bund;Troyesweg 4;;;;;;;;;;;;;;;;;
199801;Bund;Lippstädter Str. 31;;;;;;;;;;;;;;;;;